,curr_time,current_balance,var_balance
START_LINE,0,0,0
20230123224518,20230123224518,590463,590463
20230123224534,20230123224534,590463,0
20230123224549,20230123224549,590463,0
20230123224605,20230123224605,590463,0
20230123224643,20230123224643,590463,0
20230123224658,20230123224658,590463,0
20230123224713,20230123224713,590463,0
20230123224727,20230123224727,590463,0
20230123224742,20230123224742,590463,0
20230123232655,20230123232655,590819,356
20230123232708,20230123232708,590819,0
20230123232720,20230123232720,590819,0
20230123232804,20230123232804,590819,0
20230123232816,20230123232816,590819,0
20230123232833,20230123232833,590819,0
20230123232846,20230123232846,590819,0
20230123232858,20230123232858,590819,0
20230123232910,20230123232910,590819,0
20230123233246,20230123233246,590818,-1
20230123233300,20230123233300,590818,0
20230124002333,20230124002333,590787,-31
20230124002351,20230124002351,590787,0
20230124103837,20230124103837,591583,796
20230124103853,20230124103853,591583,0
20230124103908,20230124103908,591583,0
20230124103923,20230124103923,591583,0
20230124103939,20230124103939,591583,0
20230124103954,20230124103954,591583,0
20230124104009,20230124104009,591583,0
20230124104024,20230124104024,591583,0
20230124104039,20230124104039,591583,0
20230124104054,20230124104054,591583,0
20230124104109,20230124104109,591583,0
20230124104125,20230124104125,591583,0
20230124104140,20230124104140,591583,0
20230124104155,20230124104155,591583,0
20230124104210,20230124104210,591583,0
20230124104225,20230124104225,591583,0
20230124104240,20230124104240,591583,0
20230124104255,20230124104255,591583,0
20230124104310,20230124104310,591583,0
20230124104325,20230124104325,591583,0
20230124104339,20230124104339,591583,0
20230124104354,20230124104354,591583,0
20230124104409,20230124104409,591583,0
20230124104424,20230124104424,591583,0
20230124104439,20230124104439,591583,0
20230124104453,20230124104453,591583,0
20230124104509,20230124104509,591583,0
20230124104523,20230124104523,591583,0
20230124104538,20230124104538,591583,0
20230124104552,20230124104552,591583,0
20230124104607,20230124104607,591583,0
20230124104622,20230124104622,591583,0
20230124104637,20230124104637,591583,0
20230124104651,20230124104651,591583,0
20230124104705,20230124104705,591583,0
20230124104720,20230124104720,591583,0
20230124104735,20230124104735,591583,0
20230124104750,20230124104750,591583,0
20230124104804,20230124104804,591583,0
20230124104821,20230124104821,591583,0
20230124104835,20230124104835,591583,0
20230124104849,20230124104849,591583,0
20230124104904,20230124104904,591583,0
20230124104917,20230124104917,591583,0
20230124104931,20230124104931,591583,0
20230124104945,20230124104945,591583,0
20230124104959,20230124104959,591583,0
20230124105013,20230124105013,591583,0
20230124105028,20230124105028,591583,0
20230124105042,20230124105042,591583,0
20230124105056,20230124105056,591583,0
20230124105111,20230124105111,591583,0
20230124105128,20230124105128,591583,0
20230124105142,20230124105142,591583,0
20230124105156,20230124105156,591583,0
20230124105210,20230124105210,591583,0
20230124105224,20230124105224,591583,0
20230124105239,20230124105239,591583,0
20230124105254,20230124105254,591583,0
20230124105308,20230124105308,591583,0
20230124105323,20230124105323,591583,0
20230124105337,20230124105337,591583,0
20230124105352,20230124105352,591583,0
20230124105407,20230124105407,591583,0
20230124105421,20230124105421,591583,0
20230124105435,20230124105435,591583,0
20230124105450,20230124105450,591583,0
20230124105503,20230124105503,591583,0
20230124105518,20230124105518,591589,6
20230124105533,20230124105533,591589,0
20230124105549,20230124105549,591589,0
20230124105605,20230124105605,591589,0
20230124105619,20230124105619,591589,0
20230124105632,20230124105632,591589,0
20230124105647,20230124105647,591589,0
20230124105701,20230124105701,591589,0
20230124105715,20230124105715,591589,0
20230124105730,20230124105730,591589,0
20230124105744,20230124105744,591589,0
20230124105758,20230124105758,591589,0
20230124105812,20230124105812,591589,0
20230124105826,20230124105826,591589,0
20230124105840,20230124105840,591589,0
20230124105854,20230124105854,591589,0
20230124105909,20230124105909,591589,0
20230124105923,20230124105923,591589,0
20230124105938,20230124105938,591589,0
20230124105952,20230124105952,591589,0
20230124110006,20230124110006,591589,0
20230124110021,20230124110021,591589,0
20230124110034,20230124110034,591589,0
20230124110049,20230124110049,591589,0
20230124110103,20230124110103,591589,0
20230124110117,20230124110117,591589,0
20230124110131,20230124110131,591589,0
20230124110145,20230124110145,591589,0
20230124110200,20230124110200,591589,0
20230124110214,20230124110214,591589,0
20230124110228,20230124110228,591589,0
20230124110242,20230124110242,591589,0
20230124110256,20230124110256,591589,0
20230124110310,20230124110310,591589,0
20230124110324,20230124110324,591589,0
20230124110338,20230124110338,591589,0
20230124110352,20230124110352,591589,0
20230124110407,20230124110407,591589,0
20230124110422,20230124110422,591572,-17
20230124110438,20230124110438,591572,0
20230124110454,20230124110454,591572,0
20230124110509,20230124110509,591572,0
20230124110523,20230124110523,591572,0
20230124110537,20230124110537,591572,0
20230124110551,20230124110551,591572,0
20230124110606,20230124110606,591572,0
20230124110620,20230124110620,591572,0
20230124110634,20230124110634,591572,0
20230124110648,20230124110648,591572,0
20230124110703,20230124110703,591572,0
20230124110717,20230124110717,591572,0
20230124110731,20230124110731,591572,0
20230124110745,20230124110745,591572,0
20230124110759,20230124110759,591572,0
20230124110814,20230124110814,591572,0
20230124110828,20230124110828,591572,0
20230124110843,20230124110843,591572,0
20230124110857,20230124110857,591572,0
20230124110911,20230124110911,591572,0
20230124110925,20230124110925,591572,0
20230124110939,20230124110939,591572,0
20230124110953,20230124110953,591572,0
20230124111007,20230124111007,591572,0
20230124111021,20230124111021,591582,10
20230124111037,20230124111037,591582,0
20230124111051,20230124111051,591582,0
20230124111106,20230124111106,591582,0
20230124111121,20230124111121,591582,0
20230124111135,20230124111135,591582,0
20230124111149,20230124111149,591582,0
20230124111203,20230124111203,591582,0
20230124111217,20230124111217,591582,0
20230124111232,20230124111232,591582,0
20230124111247,20230124111247,591582,0
20230124111302,20230124111302,591582,0
20230124111316,20230124111316,591582,0
20230124111331,20230124111331,591582,0
20230124111345,20230124111345,591582,0
20230124111400,20230124111400,591582,0
20230124111414,20230124111414,591582,0
20230124111428,20230124111428,591582,0
20230124111442,20230124111442,591582,0
20230124111457,20230124111457,591582,0
20230124111511,20230124111511,591582,0
20230124111525,20230124111525,591582,0
20230124111540,20230124111540,591582,0
20230124111555,20230124111555,591582,0
20230124111609,20230124111609,591582,0
20230124111624,20230124111624,591582,0
20230124111638,20230124111638,591582,0
20230124111653,20230124111653,591582,0
20230124111708,20230124111708,591582,0
20230124111723,20230124111723,591582,0
20230124111737,20230124111737,591582,0
20230124111752,20230124111752,591582,0
20230124111807,20230124111807,591582,0
20230124111821,20230124111821,591582,0
20230124111836,20230124111836,591582,0
20230124111850,20230124111850,591582,0
20230124111904,20230124111904,591582,0
20230124111919,20230124111919,591582,0
20230124111934,20230124111934,591582,0
20230124111948,20230124111948,591582,0
20230124112002,20230124112002,591582,0
20230124112017,20230124112017,591582,0
20230124112032,20230124112032,591582,0
20230124112047,20230124112047,591582,0
20230124112102,20230124112102,591582,0
20230124112117,20230124112117,591582,0
20230124112131,20230124112131,591582,0
20230124112146,20230124112146,591582,0
20230124114412,20230124114412,591582,0
20230124114430,20230124114430,591582,0
20230124114444,20230124114444,591582,0
20230124114459,20230124114459,591582,0
20230124114513,20230124114513,591582,0
20230124115412,20230124115412,591582,0
20230124115446,20230124115446,591582,0
20230124115522,20230124115522,591582,0
20230124115556,20230124115556,591582,0
20230124115824,20230124115824,591582,0
20230124115839,20230124115839,591582,0
20230124115854,20230124115854,591582,0
20230124115909,20230124115909,591582,0
20230124115924,20230124115924,591582,0
20230124120611,20230124120611,591583,1
20230124120636,20230124120636,591583,0
20230124120650,20230124120650,591583,0
20230124120704,20230124120704,591583,0
20230124120719,20230124120719,591583,0
20230124120734,20230124120734,591583,0
20230124120802,20230124120802,591583,0
20230124120816,20230124120816,591583,0
20230124120830,20230124120830,591583,0
20230124120844,20230124120844,591583,0
20230124120858,20230124120858,591583,0
20230124120913,20230124120913,591583,0
20230124120928,20230124120928,591583,0
20230124120945,20230124120945,591583,0
20230124121000,20230124121000,591583,0
20230124121014,20230124121014,591583,0
20230124121028,20230124121028,591583,0
20230124121042,20230124121042,591583,0
20230124121126,20230124121126,591583,0
20230124121141,20230124121141,591583,0
20230124121157,20230124121157,591583,0
20230124121225,20230124121225,591583,0
20230124121239,20230124121239,591583,0
20230124121254,20230124121254,591583,0
20230124121308,20230124121308,591583,0
20230124121322,20230124121322,591583,0
20230124121338,20230124121338,591583,0
20230124121352,20230124121352,591583,0
20230124121422,20230124121422,591583,0
20230124121437,20230124121437,591583,0
20230124121507,20230124121507,591583,0
20230124121521,20230124121521,591583,0
20230124121538,20230124121538,591583,0
20230124121551,20230124121551,591583,0
20230124121605,20230124121605,591583,0
20230124121619,20230124121619,591583,0
20230124121633,20230124121633,591583,0
20230124121715,20230124121715,591583,0
20230124121729,20230124121729,591583,0
20230124121743,20230124121743,591583,0
20230124121811,20230124121811,591583,0
20230124121825,20230124121825,591583,0
20230124121839,20230124121839,591583,0
20230124121855,20230124121855,591583,0
20230124121910,20230124121910,591583,0
20230124121926,20230124121926,591583,0
20230124121939,20230124121939,591583,0
20230124122009,20230124122009,591583,0
20230124122037,20230124122037,591583,0
20230124122051,20230124122051,591583,0
20230124122106,20230124122106,591583,0
20230124122121,20230124122121,591583,0
20230124122218,20230124122218,591583,0
20230124122302,20230124122302,591583,0
20230124122316,20230124122316,591583,0
20230124122332,20230124122332,591583,0
20230124122346,20230124122346,591583,0
20230124122402,20230124122402,591583,0
20230124122416,20230124122416,591583,0
20230124122430,20230124122430,591583,0
20230124122458,20230124122458,591583,0
20230124122512,20230124122512,591737,154
20230124122527,20230124122527,591737,0
20230124122544,20230124122544,591737,0
20230124122558,20230124122558,591737,0
20230124122643,20230124122643,591737,0
20230124122738,20230124122738,591737,0
20230124122752,20230124122752,591737,0
20230124122848,20230124122848,591737,0
20230124122917,20230124122917,591737,0
20230124122959,20230124122959,591737,0
20230124123013,20230124123013,591737,0
20230124123027,20230124123027,591737,0
20230124123041,20230124123041,591737,0
20230124123055,20230124123055,591737,0
20230124123109,20230124123109,591737,0
20230124123123,20230124123123,591737,0
20230124123218,20230124123218,591737,0
20230124123233,20230124123233,591737,0
20230124123247,20230124123247,591737,0
20230124123300,20230124123300,591737,0
20230124123314,20230124123314,591737,0
20230124123356,20230124123356,591737,0
20230124123410,20230124123410,591737,0
20230124123424,20230124123424,591737,0
20230124123438,20230124123438,591737,0
20230124123452,20230124123452,591737,0
20230124123506,20230124123506,591737,0
20230124123520,20230124123520,591737,0
20230124123535,20230124123535,591737,0
20230124123603,20230124123603,591737,0
20230124123631,20230124123631,591737,0
20230124123645,20230124123645,591737,0
20230124123659,20230124123659,591737,0
20230124123715,20230124123715,591737,0
20230124123743,20230124123743,591737,0
20230124123811,20230124123811,591737,0
20230124123825,20230124123825,591737,0
20230124123839,20230124123839,591737,0
20230124123921,20230124123921,591737,0
20230124123938,20230124123938,591737,0
20230124124019,20230124124019,591737,0
20230124124034,20230124124034,591737,0
20230124124115,20230124124115,591737,0
20230124124130,20230124124130,591737,0
20230124124211,20230124124211,591737,0
20230124124225,20230124124225,591737,0
20230124124239,20230124124239,591737,0
20230124124307,20230124124307,591737,0
20230124124335,20230124124335,591737,0
20230124124349,20230124124349,591737,0
20230124124417,20230124124417,591737,0
20230124124431,20230124124431,591737,0
20230124124445,20230124124445,591737,0
20230124124515,20230124124515,591737,0
20230124124529,20230124124529,591737,0
20230124124546,20230124124546,591737,0
20230124124602,20230124124602,591737,0
20230124124616,20230124124616,591737,0
20230124124630,20230124124630,591737,0
20230124124644,20230124124644,591737,0
20230124124658,20230124124658,591737,0
20230124124712,20230124124712,591737,0
20230124124726,20230124124726,591737,0
20230124124740,20230124124740,591737,0
20230124124754,20230124124754,591737,0
20230124124808,20230124124808,591737,0
20230124124836,20230124124836,591707,-30
20230124124904,20230124124904,591707,0
20230124124921,20230124124921,591707,0
20230124124951,20230124124951,591707,0
20230124125005,20230124125005,591707,0
20230124125101,20230124125101,591707,0
20230124125115,20230124125115,591707,0
20230124125129,20230124125129,591707,0
20230124125143,20230124125143,591707,0
20230124125225,20230124125225,591707,0
20230124125241,20230124125241,591707,0
20230124125255,20230124125255,591707,0
20230124125309,20230124125309,591707,0
20230124125337,20230124125337,591707,0
20230124125353,20230124125353,591707,0
20230124125408,20230124125408,591707,0
20230124125424,20230124125424,591707,0
20230124125438,20230124125438,591707,0
20230124125452,20230124125452,591707,0
20230124125508,20230124125508,591707,0
20230124125522,20230124125522,591707,0
20230124125536,20230124125536,591707,0
20230124125550,20230124125550,591707,0
20230124125659,20230124125659,591707,0
20230124125714,20230124125714,591707,0
20230124125728,20230124125728,591707,0
20230124125742,20230124125742,591707,0
20230124125756,20230124125756,591707,0
20230124125810,20230124125810,591707,0
20230124125840,20230124125840,591707,0
20230124125854,20230124125854,591707,0
20230124125908,20230124125908,591707,0
20230124125922,20230124125922,591707,0
20230124125936,20230124125936,591707,0
20230124125950,20230124125950,591707,0
20230124130004,20230124130004,591707,0
20230124130020,20230124130020,591707,0
20230124130035,20230124130035,591707,0
20230124130048,20230124130048,591707,0
20230124130103,20230124130103,591707,0
20230124130117,20230124130117,591707,0
20230124130134,20230124130134,591707,0
20230124142539,20230124142539,591721,14
20230124142722,20230124142722,591721,0
20230124142906,20230124142906,591721,0
20230124143050,20230124143050,591723,2
20230124143421,20230124143421,591723,0
20230124143642,20230124143642,591734,11
20230124144011,20230124144011,591734,0
20230124144123,20230124144123,591734,0
20230124144231,20230124144231,591734,0
20230124144633,20230124144633,591735,1
20230124144708,20230124144708,591735,0
20230124144816,20230124144816,591735,0
20230124144850,20230124144850,591735,0
20230124145001,20230124145001,591735,0
20230124145035,20230124145035,591735,0
20230124145109,20230124145109,591735,0
20230124145332,20230124145332,591735,0
20230124145406,20230124145406,591735,0
20230124145440,20230124145440,591735,0
20230124145550,20230124145550,591753,18
20230124145809,20230124145809,591753,0
20230124145921,20230124145921,591753,0
20230124150029,20230124150029,591767,14
20230124150137,20230124150137,591767,0
20230124150211,20230124150211,591767,0
20230124150245,20230124150245,591767,0
20230124150723,20230124150723,591767,0
20230124150941,20230124150941,591767,0
20230124151015,20230124151015,591768,1
20230124151123,20230124151123,591767,-1
20230124151157,20230124151157,591767,0
20230124151231,20230124151231,591767,0
20230124151416,20230124151416,591767,0
20230124151450,20230124151450,591767,0
20230124151525,20230124151525,591808,41
20230124151634,20230124151634,591808,0
20230124155616,20230124155616,591821,13
20230124155832,20230124155832,591821,0
20230124155906,20230124155906,591821,0
20230124155940,20230124155940,591821,0
20230124160014,20230124160014,591821,0
20230124160048,20230124160048,591821,0
20230124160122,20230124160122,591821,0
20230124160304,20230124160304,591821,0
20230124160338,20230124160338,591821,0
20230124160446,20230124160446,591821,0
20230124161026,20230124161026,592371,550
20230124161135,20230124161135,592371,0
20230124161209,20230124161209,592371,0
20230124161318,20230124161318,592371,0
20230124161352,20230124161352,592371,0
20230124161500,20230124161500,592371,0
20230124161534,20230124161534,592371,0
20230124161716,20230124161716,592371,0
20230124161827,20230124161827,592371,0
20230124161901,20230124161901,592371,0
20230124161935,20230124161935,592371,0
20230124162009,20230124162009,592373,2
20230124162259,20230124162259,592373,0
20230124162333,20230124162333,592373,0
20230124162407,20230124162407,592373,0
20230124162441,20230124162441,592372,-1
20230124162551,20230124162551,592372,0
20230124162624,20230124162624,592372,0
20230124162659,20230124162659,592372,0
20230124162806,20230124162806,592372,0
20230124162914,20230124162914,592372,0
20230124163022,20230124163022,592372,0
20230124163056,20230124163056,592372,0
20230124163204,20230124163204,592372,0
20230124163238,20230124163238,592372,0
20230124163346,20230124163346,592372,0
20230124163420,20230124163420,592372,0
20230124163454,20230124163454,592372,0
20230124163528,20230124163528,592409,37
20230124163602,20230124163602,592409,0
20230124163636,20230124163636,592409,0
20230124164326,20230124164326,592431,22
20230124164547,20230124164547,592431,0
20230124164729,20230124164729,592430,-1
20230124164803,20230124164803,592430,0
20230124164946,20230124164946,592430,0
20230124165821,20230124165821,592348,-82
20230124165929,20230124165929,592348,0
20230124170003,20230124170003,592348,0
20230124170219,20230124170219,592348,0
20230124170253,20230124170253,592348,0
20230124170327,20230124170327,592348,0
20230124170509,20230124170509,592348,0
20230124170545,20230124170545,592495,147
20230124170731,20230124170731,592495,0
20230124170805,20230124170805,592495,0
20230124170839,20230124170839,592495,0
20230124170913,20230124170913,592495,0
20230124170947,20230124170947,592495,0
20230124171024,20230124171024,592496,1
20230124171132,20230124171132,592496,0
20230124171240,20230124171240,592496,0
20230124171314,20230124171314,592496,0
20230124171350,20230124171350,592496,0
20230124171458,20230124171458,592496,0
20230124171607,20230124171607,592496,0
20230124172114,20230124172114,592519,23
20230124172148,20230124172148,592519,0
20230124172334,20230124172334,592519,0
20230124172411,20230124172411,592519,0
20230124172552,20230124172552,592519,0
20230124172629,20230124172629,592519,0
20230124172703,20230124172703,592519,0
20230124172811,20230124172811,592519,0
20230124172919,20230124172919,592519,0
20230124172955,20230124172955,592519,0
20230124173029,20230124173029,592519,0
20230124173137,20230124173137,592519,0
20230124173211,20230124173211,592519,0
20230124173245,20230124173245,592519,0
20230124173356,20230124173356,592519,0
20230124173504,20230124173504,592519,0
20230124173538,20230124173538,592539,20
20230124173612,20230124173612,592539,0
20230124173720,20230124173720,592539,0
20230124173754,20230124173754,592539,0
20230124173828,20230124173828,592539,0
20230124173902,20230124173902,592539,0
20230124174047,20230124174047,592539,0
20230124174121,20230124174121,592539,0
20230124174229,20230124174229,592539,0
20230124174520,20230124174520,592539,0
20230124174627,20230124174627,592539,0
20230124174735,20230124174735,592539,0
20230124174843,20230124174843,592539,0
20230124174917,20230124174917,592539,0
20230124175100,20230124175100,592541,2
20230124175134,20230124175134,592541,0
20230124175208,20230124175208,592541,0
20230124175242,20230124175242,592541,0
20230124175424,20230124175424,592541,0
20230124175458,20230124175458,592541,0
20230124175607,20230124175607,592642,101
20230124175751,20230124175751,592642,0
20230124175859,20230124175859,592642,0
20230124180042,20230124180042,592642,0
20230124180118,20230124180118,592642,0
20230124180227,20230124180227,592642,0
20230124180302,20230124180302,592642,0
20230124180412,20230124180412,592642,0
20230124180446,20230124180446,592642,0
20230124180521,20230124180521,592672,30
20230124180555,20230124180555,592672,0
20230124180703,20230124180703,592672,0
20230124180846,20230124180846,592672,0
20230124181029,20230124181029,592672,0
20230124181538,20230124181538,592680,8
20230124181612,20230124181612,592680,0
20230124181720,20230124181720,592680,0
20230124181756,20230124181756,592680,0
20230124181906,20230124181906,592680,0
20230124181940,20230124181940,592680,0
20230124182709,20230124182709,592687,7
20230124182852,20230124182852,592687,0
20230124182930,20230124182930,592687,0
20230124183152,20230124183152,592687,0
20230124183340,20230124183340,592687,0
20230124183454,20230124183454,592687,0
20230124183606,20230124183606,592687,0
20230124184010,20230124184010,592687,0
20230124184153,20230124184153,592687,0
20230124184415,20230124184415,592687,0
20230124184526,20230124184526,592687,0
20230124184857,20230124184857,592670,-17
20230124185007,20230124185007,592670,0
20230124185042,20230124185042,592670,0
20230124185117,20230124185117,592670,0
20230124185227,20230124185227,592670,0
20230124185519,20230124185519,592679,9
20230124185553,20230124185553,592679,0
20230124185701,20230124185701,592679,0
20230124185846,20230124185846,592679,0
20230124185922,20230124185922,592679,0
20230124190212,20230124190212,592679,0
20230124190503,20230124190503,592679,0
20230124190648,20230124190648,592679,0
20230124190759,20230124190759,592679,0
20230124191016,20230124191016,592679,0
20230124191344,20230124191344,592679,0
20230124191456,20230124191456,592679,0
20230124191607,20230124191607,592679,0
20230124191645,20230124191645,592679,0
20230124191938,20230124191938,592679,0
20230124192122,20230124192122,592726,47
20230124192234,20230124192234,592726,0
20230124192417,20230124192417,592726,0
20230124192453,20230124192453,592726,0
20230124192637,20230124192637,592726,0
20230124192712,20230124192712,592726,0
20230124192748,20230124192748,592726,0
20230124192825,20230124192825,592726,0
20230124192901,20230124192901,592726,0
20230124192937,20230124192937,592709,-17
20230124193018,20230124193018,592709,0
20230124193059,20230124193059,592709,0
20230124193135,20230124193135,592709,0
20230124193210,20230124193210,592709,0
20230124193245,20230124193245,592709,0
20230124193322,20230124193322,592709,0
20230124193358,20230124193358,592709,0
20230124193433,20230124193433,592709,0
20230124193509,20230124193509,592709,0
20230124193544,20230124193544,592709,0
20230124193620,20230124193620,592709,0
20230124193656,20230124193656,592709,0
20230124193732,20230124193732,592709,0
20230124193808,20230124193808,592709,0
20230124193845,20230124193845,592709,0
20230124193923,20230124193923,592709,0
20230124193959,20230124193959,592709,0
20230124194034,20230124194034,592712,3
20230124194110,20230124194110,592712,0
20230124194220,20230124194220,592712,0
20230124194256,20230124194256,592712,0
20230124194331,20230124194331,592712,0
20230124194408,20230124194408,592712,0
20230124194443,20230124194443,592712,0
20230124194518,20230124194518,592712,0
20230124194556,20230124194556,592712,0
20230124194633,20230124194633,592712,0
20230124194708,20230124194708,592712,0
20230124194744,20230124194744,592712,0
20230124194819,20230124194819,592712,0
20230124194854,20230124194854,592712,0
20230124194931,20230124194931,592712,0
20230124195006,20230124195006,592712,0
20230124195042,20230124195042,592712,0
20230124195118,20230124195118,592712,0
20230124195153,20230124195153,592712,0
20230124195228,20230124195228,592712,0
20230124195304,20230124195304,592712,0
20230124195344,20230124195344,592712,0
20230124195419,20230124195419,592712,0
20230124195455,20230124195455,592712,0
20230124195530,20230124195530,592712,0
20230124195641,20230124195641,592712,0
20230124195721,20230124195721,592712,0
20230124195801,20230124195801,592712,0
20230124195836,20230124195836,592712,0
20230124195946,20230124195946,592712,0
20230124200059,20230124200059,592712,0
20230124200213,20230124200213,592712,0
20230124200431,20230124200431,592712,0
20230124200653,20230124200653,592737,25
20230124200803,20230124200803,592737,0
20230124200949,20230124200949,592737,0
20230124201059,20230124201059,592775,38
20230124201135,20230124201135,592775,0
20230124201358,20230124201358,592775,0
20230124201508,20230124201508,592775,0
20230124201618,20230124201618,592775,0
20230124201656,20230124201656,592775,0
20230124201842,20230124201842,592755,-20
20230124201920,20230124201920,592755,0
20230124202249,20230124202249,592755,0
20230124202324,20230124202324,592755,0
20230124202401,20230124202401,592755,0
20230124202440,20230124202440,592755,0
20230124202515,20230124202515,592755,0
20230124202550,20230124202550,592755,0
20230124202700,20230124202700,592755,0
20230124202847,20230124202847,592755,0
20230124202926,20230124202926,592755,0
20230124203001,20230124203001,592755,0
20230124203111,20230124203111,592755,0
20230124203221,20230124203221,592755,0
20230124203255,20230124203255,592755,0
20230124203408,20230124203408,592755,0
20230124203516,20230124203516,592789,34
20230124204028,20230124204028,592789,0
20230124204244,20230124204244,592788,-1
20230124204321,20230124204321,592788,0
20230124204355,20230124204355,592788,0
20230124204503,20230124204503,592788,0
20230124205125,20230124205125,592789,1
20230124205342,20230124205342,592789,0
20230124205416,20230124205416,592786,-3
20230124205605,20230124205605,592786,0
20230124205748,20230124205748,592786,0
20230124210039,20230124210039,592786,0
20230124210151,20230124210151,592786,0
20230124210303,20230124210303,592786,0
20230124210411,20230124210411,592786,0
20230124210448,20230124210448,592786,0
20230124210709,20230124210709,592786,0
20230124211004,20230124211004,592786,0
20230124211113,20230124211113,592786,0
20230124211151,20230124211151,592786,0
20230124211852,20230124211852,592786,0
20230124211927,20230124211927,592786,0
20230124212112,20230124212112,592786,0
20230124212152,20230124212152,592786,0
20230124212233,20230124212233,592786,0
20230124212343,20230124212343,592786,0
20230124212457,20230124212457,592786,0
20230124212532,20230124212532,592786,0
20230124212608,20230124212608,592786,0
20230124212643,20230124212643,592786,0
20230124212718,20230124212718,592786,0
20230124212756,20230124212756,592786,0
20230124212831,20230124212831,592786,0
20230124212944,20230124212944,592786,0
20230124213054,20230124213054,592789,3
20230124213133,20230124213133,592789,0
20230124213243,20230124213243,592789,0
20230124213758,20230124213758,592790,1
20230124214051,20230124214051,592800,10
20230124214127,20230124214127,592800,0
20230124214204,20230124214204,592800,0
20230124214317,20230124214317,592800,0
20230124214616,20230124214616,592800,0
20230124214651,20230124214651,592800,0
20230124214836,20230124214836,592799,-1
20230124214911,20230124214911,592799,0
20230124214950,20230124214950,592799,0
20230124215139,20230124215139,592799,0
20230124215221,20230124215221,592799,0
20230124215336,20230124215336,592799,0
20230124215446,20230124215446,592799,0
20230124215524,20230124215524,592799,0
20230124215925,20230124215925,592799,0
20230124220253,20230124220253,592783,-16
20230124220510,20230124220510,592789,6
20230124220731,20230124220731,592789,0
20230124220805,20230124220805,592789,0
20230124220843,20230124220843,592789,0
20230124220951,20230124220951,592789,0
20230124221538,20230124221538,592848,59
20230124221613,20230124221613,592848,0
20230124221833,20230124221833,592848,0
20230124222018,20230124222018,592850,2
20230124222057,20230124222057,592850,0
20230124222133,20230124222133,592850,0
20230124222430,20230124222430,592850,0
20230124222542,20230124222542,592850,0
20230124223239,20230124223239,592863,13
20230124223501,20230124223501,592863,0
20230124223901,20230124223901,592864,1
20230124223935,20230124223935,592864,0
20230124224009,20230124224009,592882,18
20230124224043,20230124224043,592882,0
20230124224119,20230124224119,592882,0
20230124224337,20230124224337,592882,0
20230124224411,20230124224411,592882,0
20230124224447,20230124224447,592882,0
20230124224559,20230124224559,592882,0
20230124224853,20230124224853,592867,-15
20230124224929,20230124224929,592867,0
20230124225009,20230124225009,592952,85
20230124225045,20230124225045,592937,-15
20230124225125,20230124225125,592937,0
20230124225335,20230124225335,592937,0
20230124225412,20230124225412,592937,0
20230124225449,20230124225449,592937,0
20230124225602,20230124225602,593118,181
20230124225714,20230124225714,593118,0
20230124225748,20230124225748,593118,0
20230124225822,20230124225822,593118,0
20230124225930,20230124225930,593118,0
20230124230113,20230124230113,593130,12
20230124230223,20230124230223,593130,0
20230124230257,20230124230257,593130,0
20230124230331,20230124230331,593130,0
20230124230405,20230124230405,593130,0
20230124230442,20230124230442,593130,0
20230124230518,20230124230518,593141,11
20230124230627,20230124230627,593141,0
20230124230814,20230124230814,593141,0
20230124230925,20230124230925,593141,0
20230124231002,20230124231002,593141,0
20230124231036,20230124231036,593277,136
20230124231841,20230124231841,593277,0
20230124232029,20230124232029,593312,35
20230124232107,20230124232107,593312,0
20230124232325,20230124232325,593312,0
20230124232435,20230124232435,593312,0
20230124232545,20230124232545,593329,17
20230124232620,20230124232620,593329,0
20230124232915,20230124232915,593329,0
20230124233209,20230124233209,593406,77
20230124233246,20230124233246,593406,0
20230124233612,20230124233612,593472,66
20230124234229,20230124234229,593511,39
20230124234846,20230124234846,593511,0
20230124235103,20230124235103,593511,0
20230124235320,20230124235320,593511,0
20230124235354,20230124235354,593511,0
20230124235430,20230124235430,593511,0
20230124235506,20230124235506,593511,0
20230124235614,20230124235614,593511,0
20230124235648,20230124235648,593511,0
20230124235723,20230124235723,593511,0
20230124235908,20230124235908,593511,0
20230125000016,20230125000016,593511,0
20230125000159,20230125000159,593511,0
20230125000233,20230125000233,593511,0
20230125000307,20230125000307,593511,0
20230125000452,20230125000452,593511,0
20230125000927,20230125000927,593516,5
20230125001109,20230125001109,593516,0
20230125001801,20230125001801,593534,18
20230125003224,20230125003224,593854,320
20230125003333,20230125003333,593854,0
20230125003407,20230125003407,593854,0
20230125003807,20230125003807,593854,0
20230125003916,20230125003916,593854,0
20230125004318,20230125004318,593854,0
20230125004353,20230125004353,593854,0
20230125004428,20230125004428,593854,0
20230125004503,20230125004503,593854,0
20230125004538,20230125004538,593854,0
20230125004722,20230125004722,593854,0
20230125004757,20230125004757,593854,0
20230125005340,20230125005340,593854,0
20230125005558,20230125005558,593854,0
20230125005706,20230125005706,593854,0
20230125005815,20230125005815,593854,0
20230125010329,20230125010329,593854,0
20230125010624,20230125010624,593854,0
20230125010842,20230125010842,593854,0
20230125011058,20230125011058,593854,0
20230125011132,20230125011132,593854,0
20230125011240,20230125011240,593854,0
20230125011422,20230125011422,593854,0
20230125011456,20230125011456,593854,0
20230125011530,20230125011530,593854,0
20230125011856,20230125011856,593834,-20
20230125011930,20230125011930,593834,0
20230125012146,20230125012146,593834,0
20230125012221,20230125012221,593834,0
20230125012255,20230125012255,593834,0
20230125012511,20230125012511,593834,0
20230125012545,20230125012545,593834,0
20230125012619,20230125012619,593834,0
20230125012654,20230125012654,593834,0
20230125012911,20230125012911,593834,0
20230125012945,20230125012945,593834,0
20230125013127,20230125013127,593834,0
20230125013309,20230125013309,593834,0
20230125013343,20230125013343,593834,0
20230125013451,20230125013451,593834,0
20230125013711,20230125013711,593834,0
20230125013747,20230125013747,593834,0
20230125013821,20230125013821,593834,0
20230125013855,20230125013855,593834,0
20230125014005,20230125014005,593834,0
20230125014113,20230125014113,593834,0
20230125014147,20230125014147,593834,0
20230125014255,20230125014255,593834,0
20230125014511,20230125014511,593834,0
20230125014653,20230125014653,593833,-1
20230125014944,20230125014944,593833,0
20230125015052,20230125015052,593833,0
20230125015308,20230125015308,593833,0
20230125015342,20230125015342,593665,-168
20230125015419,20230125015419,593665,0
20230125015527,20230125015527,593668,3
20230125015635,20230125015635,593668,0
20230125015745,20230125015745,593668,0
20230125015819,20230125015819,593668,0
20230125015853,20230125015853,593668,0
20230125015927,20230125015927,593668,0
20230125020003,20230125020003,593668,0
20230125020037,20230125020037,593668,0
20230125020111,20230125020111,593668,0
20230125020145,20230125020145,593668,0
20230125020219,20230125020219,593668,0
20230125020253,20230125020253,593668,0
20230125020329,20230125020329,593668,0
20230125020405,20230125020405,593668,0
20230125020442,20230125020442,593668,0
20230125020623,20230125020623,593699,31
20230125020700,20230125020700,593699,0
20230125020807,20230125020807,593699,0
20230125020841,20230125020841,593699,0
20230125020915,20230125020915,593699,0
20230125020949,20230125020949,593699,0
20230125021023,20230125021023,593699,0
20230125021131,20230125021131,593699,0
20230125021205,20230125021205,593699,0
20230125021239,20230125021239,593699,0
20230125021347,20230125021347,593699,0
20230125021636,20230125021636,593699,0
20230125021710,20230125021710,593699,0
20230125021744,20230125021744,593699,0
20230125021818,20230125021818,593699,0
20230125021928,20230125021928,593699,0
20230125022002,20230125022002,593699,0
20230125022039,20230125022039,593699,0
20230125022254,20230125022254,593699,0
20230125022328,20230125022328,593699,0
20230125022402,20230125022402,593699,0
20230125022510,20230125022510,593699,0
20230125022728,20230125022728,593699,0
20230125022943,20230125022943,593699,0
20230125023020,20230125023020,593699,0
20230125023056,20230125023056,593699,0
20230125023238,20230125023238,593699,0
20230125023312,20230125023312,593699,0
20230125023346,20230125023346,593699,0
20230125023454,20230125023454,593699,0
20230125023529,20230125023529,593699,0
20230125023603,20230125023603,593699,0
20230125023637,20230125023637,593699,0
20230125023747,20230125023747,593699,0
20230125023929,20230125023929,593699,0
20230125024003,20230125024003,593699,0
20230125024037,20230125024037,593699,0
20230125024145,20230125024145,593699,0
20230125024329,20230125024329,593699,0
20230125024403,20230125024403,593699,0
20230125024437,20230125024437,593699,0
20230125024726,20230125024726,593699,0
20230125024800,20230125024800,593699,0
20230125024834,20230125024834,593699,0
20230125025016,20230125025016,593699,0
20230125025050,20230125025050,593699,0
20230125025124,20230125025124,593699,0
20230125025158,20230125025158,593699,0
20230125025232,20230125025232,593699,0
20230125025306,20230125025306,593699,0
20230125025414,20230125025414,593699,0
20230125025448,20230125025448,593699,0
20230125025522,20230125025522,593699,0
20230125025558,20230125025558,593699,0
20230125025632,20230125025632,593699,0
20230125025708,20230125025708,593699,0
20230125025742,20230125025742,593699,0
20230125025816,20230125025816,593699,0
20230125025850,20230125025850,593699,0
20230125025924,20230125025924,593699,0
20230125025958,20230125025958,593699,0
20230125030032,20230125030032,593699,0
20230125030142,20230125030142,593699,0
20230125030216,20230125030216,593699,0
20230125030324,20230125030324,593699,0
20230125030358,20230125030358,593699,0
20230125030434,20230125030434,593699,0
20230125030508,20230125030508,593699,0
20230125030542,20230125030542,593699,0
20230125030616,20230125030616,593699,0
20230125030650,20230125030650,593699,0
20230125030724,20230125030724,593699,0
20230125030758,20230125030758,593699,0
20230125030832,20230125030832,593699,0
20230125030906,20230125030906,593699,0
20230125030940,20230125030940,593699,0
20230125031050,20230125031050,593699,0
20230125031158,20230125031158,593699,0
20230125031232,20230125031232,593699,0
20230125031414,20230125031414,593699,0
20230125031448,20230125031448,593699,0
20230125031524,20230125031524,593699,0
20230125031740,20230125031740,593699,0
20230125031814,20230125031814,593699,0
20230125031922,20230125031922,593699,0
20230125031958,20230125031958,593699,0
20230125032106,20230125032106,593699,0
20230125032140,20230125032140,593699,0
20230125032430,20230125032430,593699,0
20230125032504,20230125032504,593699,0
20230125032540,20230125032540,593699,0
20230125032614,20230125032614,593699,0
20230125032722,20230125032722,593699,0
20230125032756,20230125032756,593699,0
20230125032830,20230125032830,593699,0
20230125032904,20230125032904,593699,0
20230125032938,20230125032938,593699,0
20230125033046,20230125033046,593699,0
20230125033154,20230125033154,593699,0
20230125033412,20230125033412,593699,0
20230125033446,20230125033446,593699,0
20230125033735,20230125033735,593699,0
20230125033917,20230125033917,593699,0
20230125033951,20230125033951,593699,0
20230125034025,20230125034025,593707,8
20230125034101,20230125034101,593707,0
20230125034135,20230125034135,593707,0
20230125034350,20230125034350,593707,0
20230125034458,20230125034458,593707,0
20230125034535,20230125034535,593707,0
20230125034717,20230125034717,593707,0
20230125034751,20230125034751,593707,0
20230125035114,20230125035114,593707,0
20230125035222,20230125035222,593707,0
20230125035330,20230125035330,593707,0
20230125035404,20230125035404,593707,0
20230125035438,20230125035438,593707,0
20230125035727,20230125035727,593707,0
20230125035801,20230125035801,593707,0
20230125035835,20230125035835,593707,0
20230125035911,20230125035911,593707,0
20230125035948,20230125035948,593707,0
20230125040022,20230125040022,593707,0
20230125040130,20230125040130,593707,0
20230125040204,20230125040204,593707,0
20230125040311,20230125040311,593707,0
20230125040348,20230125040348,593707,0
20230125040422,20230125040422,593707,0
20230125040456,20230125040456,593707,0
20230125040711,20230125040711,593707,0
20230125040819,20230125040819,593707,0
20230125040855,20230125040855,593707,0
20230125040929,20230125040929,593707,0
20230125041003,20230125041003,593707,0
20230125041037,20230125041037,593707,0
20230125041219,20230125041219,593707,0
20230125041253,20230125041253,593707,0
20230125041401,20230125041401,593707,0
20230125041435,20230125041435,593707,0
20230125041509,20230125041509,593707,0
20230125041617,20230125041617,593707,0
20230125041651,20230125041651,593707,0
20230125041725,20230125041725,593707,0
20230125041801,20230125041801,593707,0
20230125042127,20230125042127,593707,0
20230125042201,20230125042201,593707,0
20230125042309,20230125042309,593707,0
20230125042345,20230125042345,593707,0
20230125042419,20230125042419,593707,0
20230125042527,20230125042527,593707,0
20230125042603,20230125042603,593707,0
20230125042637,20230125042637,593707,0
20230125042745,20230125042745,593707,0
20230125042821,20230125042821,593707,0
20230125042857,20230125042857,593707,0
20230125043005,20230125043005,593707,0
20230125043041,20230125043041,593707,0
20230125043223,20230125043223,593707,0
20230125043259,20230125043259,593707,0
20230125043407,20230125043407,593707,0
20230125043441,20230125043441,593707,0
20230125043549,20230125043549,593707,0
20230125043623,20230125043623,593707,0
20230125043657,20230125043657,593707,0
20230125043913,20230125043913,593707,0
20230125044021,20230125044021,593707,0
20230125044128,20230125044128,593707,0
20230125044237,20230125044237,593707,0
20230125044345,20230125044345,593707,0
20230125044421,20230125044421,593707,0
20230125044455,20230125044455,593707,0
20230125044529,20230125044529,593707,0
20230125044603,20230125044603,593707,0
20230125044818,20230125044818,593707,0
20230125044926,20230125044926,593707,0
20230125045000,20230125045000,593707,0
20230125045036,20230125045036,593707,0
20230125045144,20230125045144,593707,0
20230125045252,20230125045252,593707,0
20230125045326,20230125045326,593707,0
20230125045400,20230125045400,593707,0
20230125045434,20230125045434,593707,0
20230125045508,20230125045508,593707,0
20230125045617,20230125045617,593707,0
20230125045725,20230125045725,593707,0
20230125045759,20230125045759,593707,0
20230125050049,20230125050049,593707,0
20230125050123,20230125050123,593707,0
20230125050233,20230125050233,593707,0
20230125050307,20230125050307,593707,0
20230125050341,20230125050341,593707,0
20230125050415,20230125050415,593707,0
20230125050449,20230125050449,593707,0
20230125050523,20230125050523,593707,0
20230125050631,20230125050631,593707,0
20230125050741,20230125050741,593707,0
20230125050815,20230125050815,593707,0
20230125050849,20230125050849,593707,0
20230125050923,20230125050923,593707,0
20230125050957,20230125050957,593707,0
20230125051031,20230125051031,593707,0
20230125051105,20230125051105,593707,0
20230125051139,20230125051139,593707,0
20230125051213,20230125051213,593707,0
20230125051247,20230125051247,593707,0
20230125051321,20230125051321,593707,0
20230125051355,20230125051355,593707,0
20230125051429,20230125051429,593707,0
20230125051503,20230125051503,593707,0
20230125051537,20230125051537,593707,0
20230125051613,20230125051613,593707,0
20230125051647,20230125051647,593707,0
20230125051721,20230125051721,593707,0
20230125051755,20230125051755,593707,0
20230125051829,20230125051829,593707,0
20230125051903,20230125051903,593707,0
20230125051937,20230125051937,593707,0
20230125052011,20230125052011,593707,0
20230125052229,20230125052229,593707,0
20230125052303,20230125052303,593707,0
20230125052337,20230125052337,593707,0
20230125052518,20230125052518,593707,0
20230125052734,20230125052734,593707,0
20230125052808,20230125052808,593707,0
20230125053100,20230125053100,593707,0
20230125053208,20230125053208,593707,0
20230125053242,20230125053242,593707,0
20230125053316,20230125053316,593707,0
20230125053532,20230125053532,593707,0
20230125053640,20230125053640,593707,0
20230125053821,20230125053821,593707,0
20230125053855,20230125053855,593707,0
20230125054003,20230125054003,593707,0
20230125054111,20230125054111,593707,0
20230125054145,20230125054145,593707,0
20230125054219,20230125054219,593707,0
20230125054327,20230125054327,593707,0
20230125054437,20230125054437,593707,0
20230125054545,20230125054545,593707,0
20230125054619,20230125054619,593707,0
20230125054653,20230125054653,593707,0
20230125054727,20230125054727,593707,0
20230125054803,20230125054803,593707,0
20230125054837,20230125054837,593707,0
20230125054911,20230125054911,593707,0
20230125055019,20230125055019,593707,0
20230125055053,20230125055053,593707,0
20230125055127,20230125055127,593707,0
20230125055201,20230125055201,593707,0
20230125055237,20230125055237,593707,0
20230125055311,20230125055311,593707,0
20230125055347,20230125055347,593707,0
20230125055424,20230125055424,593707,0
20230125055500,20230125055500,593707,0
20230125055534,20230125055534,593707,0
20230125055610,20230125055610,593707,0
20230125055644,20230125055644,593707,0
20230125055718,20230125055718,593707,0
20230125055752,20230125055752,593707,0
20230125055826,20230125055826,593707,0
20230125055900,20230125055900,593707,0
20230125055933,20230125055933,593707,0
20230125060007,20230125060007,593707,0
20230125060041,20230125060041,593707,0
20230125060115,20230125060115,593707,0
20230125060149,20230125060149,593707,0
20230125060331,20230125060331,593707,0
20230125060405,20230125060405,593707,0
20230125060512,20230125060512,593707,0
20230125060546,20230125060546,593707,0
20230125060620,20230125060620,593707,0
20230125060654,20230125060654,593707,0
20230125060728,20230125060728,593707,0
20230125060838,20230125060838,593707,0
20230125060912,20230125060912,593707,0
20230125061020,20230125061020,593707,0
20230125061054,20230125061054,593707,0
20230125061128,20230125061128,593707,0
20230125061310,20230125061310,593707,0
20230125061344,20230125061344,593707,0
20230125061418,20230125061418,593707,0
20230125061452,20230125061452,593707,0
20230125061526,20230125061526,593707,0
20230125061600,20230125061600,593707,0
20230125061636,20230125061636,593707,0
20230125061710,20230125061710,593707,0
20230125061744,20230125061744,593707,0
20230125061818,20230125061818,593707,0
20230125061852,20230125061852,593707,0
20230125062000,20230125062000,593707,0
20230125062215,20230125062215,593707,0
20230125062326,20230125062326,593707,0
20230125062400,20230125062400,593707,0
20230125062434,20230125062434,593707,0
20230125062541,20230125062541,593707,0
20230125062615,20230125062615,593707,0
20230125062651,20230125062651,593707,0
20230125062759,20230125062759,593707,0
20230125062833,20230125062833,593707,0
20230125062907,20230125062907,593707,0
20230125063015,20230125063015,593707,0
20230125063051,20230125063051,593707,0
20230125063125,20230125063125,593707,0
20230125063159,20230125063159,593707,0
20230125063236,20230125063236,593707,0
20230125063343,20230125063343,593707,0
20230125063417,20230125063417,593707,0
20230125063452,20230125063452,593707,0
20230125063633,20230125063633,593707,0
20230125063817,20230125063817,593707,0
20230125063959,20230125063959,593707,0
20230125064215,20230125064215,593707,0
20230125064356,20230125064356,593707,0
20230125064504,20230125064504,593707,0
20230125064541,20230125064541,593707,0
20230125064759,20230125064759,593707,0
20230125064906,20230125064906,593707,0
20230125064940,20230125064940,593707,0
20230125065014,20230125065014,593707,0
20230125065048,20230125065048,593707,0
20230125065122,20230125065122,593707,0
20230125065230,20230125065230,593707,0
20230125065304,20230125065304,593707,0
20230125065411,20230125065411,593707,0
20230125065448,20230125065448,593707,0
20230125065524,20230125065524,593707,0
20230125065558,20230125065558,593707,0
20230125065632,20230125065632,593707,0
20230125065706,20230125065706,593707,0
20230125065921,20230125065921,593707,0
20230125065955,20230125065955,593707,0
20230125070029,20230125070029,593707,0
20230125070211,20230125070211,593707,0
20230125070245,20230125070245,593707,0
20230125070319,20230125070319,593707,0
20230125070534,20230125070534,593707,0
20230125070608,20230125070608,593707,0
20230125070642,20230125070642,593707,0
20230125070716,20230125070716,593707,0
20230125070750,20230125070750,593707,0
20230125070824,20230125070824,593707,0
20230125070858,20230125070858,593707,0
20230125070932,20230125070932,593707,0
20230125071008,20230125071008,593707,0
20230125071042,20230125071042,593707,0
20230125071118,20230125071118,593707,0
20230125071300,20230125071300,593707,0
20230125071334,20230125071334,593707,0
20230125071408,20230125071408,593707,0
20230125071442,20230125071442,593707,0
20230125071516,20230125071516,593707,0
20230125071550,20230125071550,593707,0
20230125071624,20230125071624,593707,0
20230125071732,20230125071732,593707,0
20230125071806,20230125071806,593707,0
20230125071914,20230125071914,593707,0
20230125072022,20230125072022,593707,0
20230125072056,20230125072056,593707,0
20230125072314,20230125072314,593707,0
20230125072348,20230125072348,593707,0
20230125072424,20230125072424,593707,0
20230125072458,20230125072458,593707,0
20230125072606,20230125072606,593707,0
20230125072716,20230125072716,593707,0
20230125072752,20230125072752,593707,0
20230125072826,20230125072826,593707,0
20230125072900,20230125072900,593707,0
20230125072934,20230125072934,593707,0
20230125073041,20230125073041,593707,0
20230125073224,20230125073224,593707,0
20230125073406,20230125073406,593707,0
20230125073440,20230125073440,593707,0
20230125073655,20230125073655,593712,5
20230125073729,20230125073729,593712,0
20230125073837,20230125073837,593712,0
20230125073911,20230125073911,593712,0
20230125073945,20230125073945,593712,0
20230125074053,20230125074053,593717,5
20230125074127,20230125074127,593717,0
20230125074235,20230125074235,593717,0
20230125074311,20230125074311,593717,0
20230125074345,20230125074345,593717,0
20230125074419,20230125074419,593717,0
20230125074455,20230125074455,593717,0
20230125074529,20230125074529,593717,0
20230125074606,20230125074606,593717,0
20230125074640,20230125074640,593717,0
20230125074748,20230125074748,593717,0
20230125074821,20230125074821,593717,0
20230125074855,20230125074855,593717,0
20230125074930,20230125074930,593717,0
20230125075004,20230125075004,593717,0
20230125075038,20230125075038,593717,0
20230125075222,20230125075222,593717,0
20230125075256,20230125075256,593717,0
20230125075332,20230125075332,593717,0
20230125075406,20230125075406,593717,0
20230125075440,20230125075440,593717,0
20230125075514,20230125075514,593717,0
20230125075550,20230125075550,593717,0
20230125075624,20230125075624,593717,0
20230125075732,20230125075732,593717,0
20230125075840,20230125075840,593717,0
20230125075914,20230125075914,593717,0
20230125075948,20230125075948,593717,0
20230125080022,20230125080022,593717,0
20230125080056,20230125080056,593717,0
20230125080204,20230125080204,593717,0
20230125080238,20230125080238,593717,0
20230125080346,20230125080346,593717,0
20230125080420,20230125080420,593717,0
20230125080454,20230125080454,593717,0
20230125080604,20230125080604,593717,0
20230125080638,20230125080638,593717,0
20230125080712,20230125080712,593717,0
20230125080746,20230125080746,593717,0
20230125080820,20230125080820,593717,0
20230125080928,20230125080928,593717,0
20230125081002,20230125081002,593717,0
20230125081036,20230125081036,593717,0
20230125081251,20230125081251,593717,0
20230125081328,20230125081328,593717,0
20230125081402,20230125081402,593717,0
20230125081436,20230125081436,593717,0
20230125081510,20230125081510,593717,0
20230125081544,20230125081544,593717,0
20230125081618,20230125081618,593717,0
20230125081652,20230125081652,593717,0
20230125081726,20230125081726,593717,0
20230125081800,20230125081800,593717,0
20230125081834,20230125081834,593717,0
20230125081908,20230125081908,593717,0
20230125081942,20230125081942,593717,0
20230125082016,20230125082016,593717,0
20230125082050,20230125082050,593717,0
20230125082124,20230125082124,593717,0
20230125082200,20230125082200,593717,0
20230125082234,20230125082234,593717,0
20230125082308,20230125082308,593717,0
20230125082342,20230125082342,593717,0
20230125082416,20230125082416,593717,0
20230125082524,20230125082524,593717,0
20230125082558,20230125082558,593717,0
20230125082632,20230125082632,593717,0
20230125082706,20230125082706,593717,0
20230125082742,20230125082742,593717,0
20230125082850,20230125082850,593717,0
20230125082924,20230125082924,593717,0
20230125082958,20230125082958,593717,0
20230125083032,20230125083032,593717,0
20230125083106,20230125083106,593717,0
20230125083214,20230125083214,593717,0
20230125083248,20230125083248,593717,0
20230125083322,20230125083322,593717,0
20230125083430,20230125083430,593717,0
20230125083719,20230125083719,593717,0
20230125083755,20230125083755,593717,0
20230125083832,20230125083832,593717,0
20230125083906,20230125083906,593717,0
20230125083940,20230125083940,593717,0
20230125084014,20230125084014,593717,0
20230125084156,20230125084156,593667,-50
20230125084230,20230125084230,593667,0
20230125084303,20230125084303,593667,0
20230125084337,20230125084337,593667,0
20230125084411,20230125084411,593667,0
20230125084445,20230125084445,593667,0
20230125084519,20230125084519,593667,0
20230125084553,20230125084553,593667,0
20230125084627,20230125084627,593667,0
20230125084701,20230125084701,593667,0
20230125084735,20230125084735,593667,0
20230125084809,20230125084809,593667,0
20230125084843,20230125084843,593667,0
20230125084917,20230125084917,593667,0
20230125084951,20230125084951,593667,0
20230125085025,20230125085025,593667,0
20230125085133,20230125085133,593667,0
20230125085241,20230125085241,593667,0
20230125085318,20230125085318,593667,0
20230125085426,20230125085426,593667,0
20230125085608,20230125085608,593667,0
20230125085644,20230125085644,593667,0
20230125085718,20230125085718,593667,0
20230125085755,20230125085755,593667,0
20230125085905,20230125085905,593667,0
20230125085939,20230125085939,593667,0
20230125090047,20230125090047,593667,0
20230125090121,20230125090121,593667,0
20230125090158,20230125090158,593667,0
20230125090232,20230125090232,593667,0
20230125090306,20230125090306,593667,0
20230125090340,20230125090340,593667,0
20230125090449,20230125090449,593667,0
20230125090523,20230125090523,593667,0
20230125090557,20230125090557,593667,0
20230125090631,20230125090631,593667,0
20230125090707,20230125090707,593667,0
20230125090741,20230125090741,593667,0
20230125090815,20230125090815,593667,0
20230125090851,20230125090851,593667,0
20230125090959,20230125090959,593667,0
20230125091033,20230125091033,593667,0
20230125091107,20230125091107,593667,0
20230125091143,20230125091143,593667,0
20230125091251,20230125091251,593667,0
20230125091325,20230125091325,593667,0
20230125091433,20230125091433,593667,0
20230125091507,20230125091507,593667,0
20230125091543,20230125091543,593667,0
20230125091617,20230125091617,593667,0
20230125091651,20230125091651,593667,0
20230125091727,20230125091727,593667,0
20230125091801,20230125091801,593667,0
20230125091835,20230125091835,593667,0
20230125091911,20230125091911,593667,0
20230125091947,20230125091947,593667,0
20230125092021,20230125092021,593667,0
20230125092129,20230125092129,593667,0
20230125162824,20230125162824,594122,455
20230125162934,20230125162934,594122,0
20230125163008,20230125163008,594122,0
20230125163042,20230125163042,594122,0
20230125163116,20230125163116,594122,0
20230125163150,20230125163150,594122,0
20230125163224,20230125163224,594122,0
20230125163301,20230125163301,594122,0
20230125163335,20230125163335,594122,0
