,block_hash,tx_hash
START_LINE,0,DUMMY
20230125172516,52000000,NA
20230125172525,52000001,NA
20230125172534,52000002,NA
20230125172542,52000003,NA
20230125172550,52000004,NA
20230125172559,52000005,NA
20230125172608,52000006,NA
20230125172618,52000007,NA
20230125172626,52000008,NA
20230125172635,52000009,NA
20230125172643,52000010,NA
20230125172652,52000011,NA
20230125172700,52000012,NA
20230125172709,52000013,NA
20230125172718,52000014,NA
20230125172726,52000015,NA
20230125172735,52000016,NA
20230125172744,52000017,NA
20230125172753,52000018,NA
20230125172801,52000019,NA
20230125172809,52000020,NA
20230125172818,52000021,NA
20230125172827,52000022,NA
20230125172835,52000023,NA
20230125172844,52000024,NA
20230125172852,52000025,NA
20230125172901,52000026,NA
20230125172911,52000027,NA
20230125172921,52000028,NA
20230125172930,52000029,NA
20230125172939,52000030,NA
20230125172949,52000031,NA
20230125172958,52000032,NA
20230125173006,52000033,NA
20230125173015,52000034,NA
20230125173026,52000035,NA
20230125173034,52000036,NA
20230125173044,52000037,NA
20230125173053,52000038,NA
20230125173101,52000039,NA
20230125173110,52000040,NA
20230125173118,52000041,NA
20230125173127,52000042,NA
