,block_hash,tx_hash,search_count
20230201102828,52720000,,0
20230201102904,52720001,,0
20230201102911,52720002,,0
20230201102918,52720003,401BBD40D2689C0A253B93ADE58CFFB8688640A42BD98A02AF682ACE08AFC7E5,0
20230201102925,52720004,2E2670C8B83F11FCC2E721251155DD220B90ED36BA93D0E9A3D0D81F7907C52B,0
20230201102931,52720005,,0
20230201102938,52720006,,0
20230201102945,52720007,,0
20230201102952,52720008,,0
20230201102958,52720009,,0
20230201103005,52720010,,0
20230201103012,52720011,,0
20230201103019,52720012,,0
20230201103026,52720013,,0
20230201103033,52720014,,0
20230201103040,52720015,,0
20230201103046,52720016,,0
20230201103053,52720017,,0
20230201103100,52720018,,0
20230201103106,52720019,,0
20230201103113,52720020,,0
20230201103120,52720021,,0
20230201103127,52720022,,0
20230201103134,52720023,,0
20230201103141,52720024,,0
20230201103149,52720025,,0
20230201103156,52720026,,0
20230201103202,52720027,,0
20230201103208,52720028,,0
20230201103215,52720029,,0
20230201103221,52720030,,0
20230201103228,52720031,,0
20230201103235,52720032,,0
20230201103240,52720033,,0
20230201103246,52720034,,0
20230201103253,52720035,,0
20230201103259,52720036,,0
20230201103306,52720037,,0
20230201103313,52720038,,0
20230201103321,52720039,,0
20230201103328,52720040,,0
20230201103335,52720041,,0
20230201103341,52720042,,0
20230201103348,52720043,,0
20230201103355,52720044,,0
20230201103401,52720045,,0
20230201103407,52720046,,0
20230201103413,52720047,,0
20230201103419,52720048,,0
20230201103425,52720049,,0
20230201103432,52720050,,0
20230201103439,52720051,,0
20230201103445,52720052,,0
20230201103452,52720053,,0
20230201103458,52720054,,0
20230201103505,52720055,,0
20230201103512,52720056,,0
20230201103518,52720057,,0
20230201103524,52720058,,0
20230201103531,52720059,,0
20230201103538,52720060,,0
20230201103544,52720061,,0
20230201103550,52720062,,0
20230201103557,52720063,,0
20230201103603,52720064,,0
20230201103609,52720065,,0
20230201103616,52720066,,0
20230201103622,52720067,,0
20230201103629,52720068,510B1E2F5773A22C4C570565E2AC687D0762D40F9B9BB5B436EAEA0E9CB521B1,0
20230201103635,52720069,,0
20230201103642,52720070,,0
20230201103647,52720071,,0
20230201103654,52720072,,0
20230201103700,52720073,,0
20230201103706,52720074,,0
20230201103714,52720075,,0
20230201103720,52720076,,0
20230201103727,52720077,,0
20230201103733,52720078,,0
20230201103740,52720079,,0
20230201103746,52720080,,0
20230201103752,52720081,,0
20230201103759,52720082,,0
20230201103806,52720083,,0
20230201103813,52720084,,0
20230201103820,52720085,,0
20230201103826,52720086,,0
20230201103836,52720087,,0
20230201103844,52720088,,0
20230201103850,52720089,,0
20230201103857,52720090,,0
20230201103904,52720091,,0
20230201103911,52720092,,0
20230201103917,52720093,,0
20230201103923,52720094,2FDED7820EFC209EA0F4BA599551E6FD3AEBC58E3FA9A46DA45E1DB2F000A3A4,0
20230201103929,52720095,,0
20230201103935,52720096,,0
20230201103941,52720097,,0
20230201103948,52720098,,0
20230201103954,52720099,,0
20230201104002,52720100,,0
20230201104009,52720101,,0
20230201104016,52720102,,0
20230201104023,52720103,3A398A1443291C5C83D532EBB1D8D01D6EA44221B8F43B365EB21963010E1FED,0
20230201104029,52720104,,0
20230201104036,52720105,,0
20230201104043,52720106,,0
20230201104049,52720107,,0
20230201104057,52720108,,0
20230201104104,52720109,,0
20230201104110,52720110,,0
20230201104116,52720111,,0
20230201104123,52720112,,0
20230201104129,52720113,,0
20230201104136,52720114,,0
20230201104142,52720115,,0
20230201104149,52720116,,0
20230201104156,52720117,,0
20230201104202,52720118,,0
20230201104209,52720119,,0
20230201104215,52720120,,0
20230201104221,52720121,,0
20230201104227,52720122,,0
20230201104234,52720123,,0
20230201104241,52720124,,0
20230201104248,52720125,,0
20230201104253,52720126,,0
20230201104259,52720127,,0
20230201104306,52720128,,0
20230201104313,52720129,,0
20230201104319,52720130,,0
20230201104326,52720131,,0
20230201104332,52720132,,0
20230201104338,52720133,,0
20230201104345,52720134,,0
20230201104350,52720135,,0
20230201104357,52720136,,0
20230201104404,52720137,,0
20230201104410,52720138,,0
20230201104417,52720139,,0
20230201104423,52720140,,0
20230201104429,52720141,,0
20230201104436,52720142,63EB7EBCEEF0F3ABE50EE9D0F0B781FF8751A805869604422462C76010CE4C74,0
20230201104443,52720143,,0
20230201104449,52720144,,0
20230201104455,52720145,,0
20230201104502,52720146,,0
20230201104508,52720147,,0
20230201104515,52720148,,0
20230201104522,52720149,,0
20230201104527,52720150,,0
20230201104533,52720151,,0
20230201104540,52720152,,0
20230201104547,52720153,,0
20230201104553,52720154,393A54D86CAE24B68F7C18EFBAD4D98E8F8EA5994A6B066611E8DEB1A38AD9C7,0
20230201104600,52720155,,0
20230201104606,52720156,,0
20230201104613,52720157,,0
20230201104618,52720158,,0
20230201104624,52720159,,0
20230201104630,52720160,,0
20230201104637,52720161,,0
20230201104643,52720162,,0
20230201104649,52720163,,0
20230201104656,52720164,,0
20230201104702,52720165,,0
20230201104709,52720166,,0
20230201104715,52720167,,0
20230201104722,52720168,,0
20230201104729,52720169,,0
20230201104735,52720170,,0
20230201104741,52720171,,0
20230201104748,52720172,,0
20230201104755,52720173,,0
20230201104801,52720174,,0
20230201104807,52720175,,0
20230201104814,52720176,,0
20230201104821,52720177,,0
20230201104828,52720178,,0
20230201104837,52720179,,0
20230201104844,52720180,,0
20230201104850,52720181,,0
20230201104857,52720182,,0
20230201104903,52720183,,0
20230201104910,52720184,,0
20230201104916,52720185,,0
20230201104922,52720186,,0
20230201104928,52720187,,0
20230201104935,52720188,,0
20230201104941,52720189,,0
20230201104948,52720190,,0
20230201104954,52720191,,0
20230201105000,52720192,,0
20230201105007,52720193,1B416D26A76AEFBEBEAB6658F055F6456613C3C4D9834DE9BC9EFBF977712BD0,0
20230201105014,52720194,,0
20230201105020,52720195,A9AE7E5A79E5CB9936C60CBC9CC45DB38127EAF095ACD0ED17CD87C2F6419223,0
20230201105026,52720196,,0
20230201105033,52720197,7B4CE4389FEFB60512ECFECF62DBADB7555ABDE6FF2A4B87C05805AE08B235CC,0
20230201105039,52720198,,0
20230201105046,52720199,7C894F04D079435833C78EF4F2ED4D1CE37DD8BE68137554D397E1B0B8952A1D,0
20230201105052,52720200,C125DC02F89A16ED29D705C0BF37A3C8DDCAC608C753E929EE1FCD009635D059,0
20230201193053,52720201,6468C667F0B775C371A599A180FF700D6546FE689FA6A141DE5C0DD09D143D5B,0
20230201193059,52720202,NA,0
20230201193105,52720203,8D00C5CAAF568B37E2B62572A79BDA93699AD36BBD5469DBCC9315F299917982,0
20230201193111,52720204,NA,0
20230201193117,52720205,NA,0
20230201193123,52720206,6AEBE5723AB419B88C9CC1B98E594D8FD9EFD18797CC82638E9C07AE54FBEC41,0
20230201193130,52720207,NA,0
20230201193139,52720208,5A2A75C7A3B0077DE1F28F466CDB679D8835FA02A8BAC0B156D23DE8B30AB237,0
20230201193148,52720209,6E138C924D52FEC141A34453A9A00A8E2FBDAC11C5D039AC2450774C091754E7,0
20230201193154,52720210,5D8C21F5FCED556A56B30D15347749E80DC3F1654FFB118C82F8BD5D2A632B6B,0
20230201193200,52720211,D2B085542314CB31C0B77BA47F602B1AF7A06A367ACA93FFE7F3B0A3C7D7660E,0
20230201193206,52720212,F5C218EA51D60C04F81F43D0FC87A0FB4448D5B3F4D51FD92905E46C8FC90210,0
20230201193212,52720213,NA,0
20230201193220,52720214,NA,0
20230201193228,52720215,8FCC78917EAA2F1354465BF1BA4D0C1EE65D78E7B752BD4395C48170AC362EE0,0
20230201193234,52720216,C3ECAF90C9128E4E60221603EECD8EAAF1FAAF547FC295B509D348D40857401F,0
20230201193240,52720217,7E2F72F1D5983F00A9A43EB520E9E4C2EBC103DD34911636BA971F253B278E2B,0
20230201193249,52720218,A5428A6B3F1005498F3C18F0FA02441D9A409F2EE29B3FA730A43F0D37FA23A8,0
20230201193255,52720219,792DE7640F72482B4D18006E2AAE686EF851D7869E54BC580A92F2E21E189310,0
20230201193301,52720220,NA,0
20230201193309,52720221,47E7EFBA802F99994F56E710DB86B339300CFE40C15D89C7689460DF72D85397,0
20230201193316,52720222,NA,0
20230201193321,52720223,584B0844934D70F541187E0F527060C3AB1D1559AF8D86A2DC37A6C6F5804920,0
20230201193328,52720224,NA,0
20230201193334,52720225,NA,0
20230201193342,52720226,B9AAEB330D88F614BAB41CC9B2839906A2AE235D1BC1D49485BA7017053BFEEC,0
20230201193348,52720227,NA,0
20230201193354,52720228,NA,0
20230201193400,52720229,NA,0
20230201193406,52720230,NA,0
20230201193412,52720231,8499BEFCC8BF866D4177783A6698C631B13516CF1E9877400F0639870B1CB964,0
20230201193418,52720232,NA,0
20230201193424,52720233,NA,0
20230201193430,52720234,3AF5B4D820C32A387AF8952C333FA681251EA486810C66D82CE5764AA049E947,0
20230201193436,52720235,NA,0
20230201193442,52720236,9956BF1D8B99A74FB980C52873983AB2CE1DAC1D3DBE3E8F3C94F589CE6E5BC2,0
20230201193448,52720237,NA,0
20230201193454,52720238,BFB1F2D7087BD7064351B88576AB33F3B30F242B0071BF9F0B1B902A6C48ECA2,0
20230201193500,52720239,NA,0
20230201193507,52720240,NA,0
20230201193515,52720241,8BA9082D3F24DF6BC7113AC1B47ABD0765E854BC2F8C56F5A04A54C13B08229B,0
20230201193521,52720242,NA,0
20230201193528,52720243,7BF7E40DD22E4657E3FA63A94F863652594E312001477D2B1D94E280166C6D8D,0
20230201193534,52720244,NA,0
20230201193540,52720245,7974B656068A01D6DE704C175339F7D15B964FDA2991DD417639C0E490A4A113,0
20230201193546,52720246,NA,0
20230201193552,52720247,NA,0
20230201193558,52720248,457E87A77A95862A9DB38EE5EF47319C2721AD9C1006320E72543416728ECDE4,0
20230201193605,52720249,NA,0
20230201193613,52720250,9B9B3BD8ABD5316D55D04C54A11EE8B462BDF84ED3B88475E4AB6EE8F8B3BF90,0
20230201193619,52720251,NA,0
20230201193625,52720252,147A43A56FDBEFBE1DA9F6C98768E6CED0F2A1F2C5173F53A2EAC35ACF0FD4A8,0
20230201193631,52720253,A13316B199F80E6E1F533A5D0F6FA775059EA5A83339836168C460299B8D7593,0
20230201193640,52720254,80DA3BE7DE8BB4CBC6A955BA6E2776FFAB444DC01BB766040BCD6B28ECBEB184,0
20230201193649,52720255,710B4B1A8D33E80CDB28152D67F90D02F71A6B95D8531A36D25314F9C42E3DC6,0
20230201193658,52720256,NA,0
20230201193706,52720257,522357FC56EBB5B5B10CB593AC4C6D010012532074E322C956B7B2EC27D8CFDB,0
20230201193712,52720258,NA,0
20230201193718,52720259,7BFACC51754ACDE25B70952969032E00B77BCF2E60282E1E793A6A667A1EE220,0
20230201193724,52720260,NA,0
20230201193730,52720261,NA,0
20230201193736,52720262,036BE319388F4C2009719947B84C8927D944A2958BD7EF5CC90892CDF58BA6A9,0
20230201193742,52720263,NA,0
20230201193748,52720264,NA,0
20230201193755,52720265,4FABE194780C8292BFDB74C3532E334B0DE04C165446F904F27255BE749D4B0E,0
20230201193801,52720266,8FC122FA748C33A7C435A057A4F2158601CC037F9F8E96F04FE8073E09AF987A,0
20230201193809,52720267,NA,0
20230201193818,52720268,8E197A9D1FCDE19551FDDCD18DAABA591FD43B29B9463C69FED8C23BC3E4D67E,0
20230201193827,52720269,B31449C44AA891C5331026B8DC7980370D0A0178202F644B2BA14F31B08FE701,0
20230201193834,52720270,NA,0
20230201193840,52720271,8B97BE1B9CD05E748FB20BF41513129816C313D6D7A8615A12C7E27BB73FF3E4,0
20230201193846,52720272,NA,0
20230201193852,52720273,NA,0
20230201193858,52720274,8A27E29C38851EC570A591B8EFF74A89F6359931FA39E0A7C697E1FD40ABA878,0
20230201193905,52720275,NA,0
20230201193911,52720276,NA,0
20230201193917,52720277,25DD61995306927854A91A44550DC5AA250B1FE762E63083A44AC4F058DB3A38,0
20230201193925,52720278,NA,0
20230201193931,52720279,53A285410A73EFB0C8D45F504E211E30066311D03C25B270E4936254BC1DC49D,0
20230201193938,52720280,NA,0
20230201193944,52720281,NA,0
20230201193953,52720282,3BA7B99781C60BD62578A77959C547BCEF0B55C419D536053C58556DF958B592,0
20230201193959,52720283,NA,0
20230201194008,52720284,A3CF064C1A7EAE6773284B34E85B4BE9E358F23BF6B6E44F807259D9034A36A4,0
20230201194014,52720285,710465BFF12B3AD549E70C4B6EB6153FB2AF3774912D575634A2E791114A9834,0
20230201194020,52720286,87208C3F5B69F0B2408E2BAB62426F17132D6D8C1686DF6616E9FD08FBFE926B,0
20230201194026,52720287,NA,0
20230201194032,52720288,NA,0
20230201194038,52720289,6BF9B3D783C88498D126520300596AB9E0712D39C27B34CCD14E07FFAC401854,0
20230201194047,52720290,9E1F535D5F3F3215FA219940717CD08392B65041AA5980F60BF4DFB99BD036E8,0
20230201194053,52720291,NA,0
20230201194059,52720292,107145AC6BDF5D3EF3E6FAC7080D69CC569DA05F0E3C832E3E532584B16DB1E6,0
20230201194105,52720293,87E06DAF0B23092B734E7FDE2F75EF2AEDE5F4A81AD9A4BD59A905494465AD41,0
20230201194111,52720294,NA,0
20230201194120,52720295,NA,0
20230201194126,52720296,NA,0
20230201194135,52720297,973CF33A532BFBBA66813F2D56B688884D5275C2ADE2813A88A7CF662153AAC8,0
20230201194144,52720298,2A08659855DF2CF0CE29138BD8EDC6AAF8148EAD30AA0C9201DCA45F52C31A89,0
20230201194150,52720299,4FD79C686E46F0325FE7726FD30C08CD37CBFDCD418B81FCA35B62B7551AAC74,0
20230201194158,52720300,NA,0
20230201194208,52720301,F4E066E31103F56490116DE17410ADA3D9E92A13095CB4FB330F87E316C47CAE,0
20230201194214,52720302,NA,0
20230201194220,52720303,093D0A41A5C15F0EA9252E7EE996C5BC38595219DC3A2025136038AA03E85552,0
20230201194226,52720304,A69E0A949279F373AF13C81DD17277AAC85E8AA9A0AA3D1A8DF0DFE79600E1C9,0
20230201194232,52720305,NA,0
20230201194238,52720306,NA,0
20230201194244,52720307,8295147742710A1D21D3AA2C3A7E5DD1392E7A80FAE3C4FCAADE00EACB4A331D,0
20230201194250,52720308,NA,0
20230201194256,52720309,NA,0
20230201194302,52720310,FA0B48C83CBF89A88EA4E16509546ABC097E3AF64326F7D08B3BA5725E6D5D1F,0
20230201194308,52720311,NA,0
20230201194315,52720312,NA,0
20230201194321,52720313,NA,0
20230201194327,52720314,AAE3D8F4DF66E6D9FF9A4DFD56856FF53CAC6F2108ED5B4D7FF5B3AAD1CB9479,0
20230201194333,52720315,NA,0
20230201194341,52720316,B1194DBF431CE381C3E14E82936E1E44D0536DB9D6C6011F3887FC1EC9D69257,0
20230201194348,52720317,480ABA65C312FC4CFB793BC14728A6320E58C9FC6082E67006E13F99F8B1529B,0
20230201194356,52720318,NA,0
20230201194402,52720319,NA,0
20230201194409,52720320,A75ABE85C560D54D8495C7B2FC8272132ADD81512D48E7F08E592D459809E74D,0
20230201194415,52720321,9C8F4296DF1CECD78451932BF76E3CABF826FEF27F75518A2EC46E4A4F4A35BC,0
20230201194421,52720322,8DDC02F40B6181B61E6A542126A875AEF057B2B72E175A742B3D21C8007C2A90,0
20230201194427,52720323,919AEC02B9905E4C5E51369D45A2DAA37BCBC6C035FDCAC0EED76B15BBA1D634,0
20230201194433,52720324,544C1DA23A30D5824A28E315065269CA844733103811BBC2E25BDE16FFA25B77,0
20230201194440,52720325,CBB9269C65DFD3068C62FA866558407DD4930DEF4DE60E37F2F80F676499F69E,0
20230201194448,52720326,5DA7E4E41FFCDDDC7F941AED7D9B0F9D3B847763629D88FA5E69BA76E846C0E2,0
20230201194457,52720327,NA,0
20230201194506,52720328,9EB74FF5C3F2D83F64F371222F11614CDE1BB9E46FD8FCE5082274395A460895,0
20230201194512,52720329,NA,0
20230201194521,52720330,NA,0
20230201194527,52720331,6F784C87CD51C9C6B7A7CE5B8D06A20634EA3523F47D812CC6A54C41F3ED6A37,0
20230201194536,52720332,NA,0
20230201194542,52720333,NA,0
20230201194551,52720334,NA,0
20230201194557,52720335,NA,0
20230201194603,52720336,NA,0
20230201194609,52720337,NA,0
20230201194615,52720338,4B85CF30933FC8BE6A7439EAC45D3F89413C2BA81AA934105EE9FA295F5FC6DC,0
20230201194621,52720339,NA,0
20230201194628,52720340,NA,0
20230201194634,52720341,NA,0
20230201194640,52720342,NA,0
20230201194646,52720343,3812C43FF77F736867AE57EF78BE9490642C410E9E27C9550BF2CA9F94A3D10B,0
20230201194652,52720344,A48417B720E790C2EF8F38F0BD11C58A6C74BD88DF5B1A53C7DCAB8C8594A3FF,0
20230201194658,52720345,94B6B3492E59D70D63E073204AA079BF4178DEAC72D9D5A4C00949C2B92DCDCB,0
20230201194704,52720346,NA,0
20230201194710,52720347,NA,0
20230201194716,52720348,946AE0F2B7199886FAB2D88F2BEBE70F3AC5E68B75968BA2387AA528C57AF310,0
20230201194722,52720349,7C166CABAA72D9B8908A8C9A17F20AB83C3859E6F909417E1CA37068253BEA24,0
20230201194728,52720350,BBC7B90198FD6FE44EB62B45C8527570FC0AB7EA56DC15853441DFFC96EBB3B4,0
20230201194734,52720351,0AEB4BE75A6D4672041767C32836FA0C5CEA7EB02695A5B45906A41489B4E70F,0
20230201194740,52720352,E7DFC32328F0A1FAB397FE13C21B81DE74428F22F9F4D8D4104E5816B525B186,0
20230201194747,52720353,NA,0
20230201194753,52720354,F62B5CCF926F234557967126534CB76853466967DC770DFD31A42F1677C483F6,0
20230201194801,52720355,NA,0
20230201194807,52720356,3103A65C0C2928F135D8E2E1B3003B79D2AA738348E1CABDC51F3A9FD6C43FD4,0
20230201194814,52720357,E928139E5BE9AF518C18DC6FA5BCFAA033E1590920D88001FE086E71F8C276DF,0
20230201194820,52720358,NA,0
20230201194826,52720359,NA,0
20230201194832,52720360,NA,0
20230201194838,52720361,10BFE704D84BB55CE4EFB9394674809860714B9101BA035DB69737C481923D11,0
20230201194844,52720362,NA,0
20230201194853,52720363,NA,0
20230201194859,52720364,NA,0
20230201194905,52720365,NA,0
20230201194911,52720366,A516FA53348E8BF7F21E85AE4B577E83BF139F18DA06360849B93EB50956B45A,0
20230201194919,52720367,NA,0
20230201194926,52720368,NA,0
20230201194934,52720369,7F7863D0F2E2D2789A85AA8A28799E5EE9A199E8864F26D1822D1FB3DF0202F7,0
20230201194940,52720370,460D3E4504D0A47E095D558FE896304D45C54F8FCB89D57C5DA50A6D22C5D701,0
20230201194946,52720371,NA,0
20230201194953,52720372,NA,0
20230201195002,52720373,1F4BE522309B7B459BA59EDAE0494E6C30AB95BDE9A23337AD3A0A9CEFFCA79B,0
20230201195008,52720374,C757839D600A9C641EAA8E481E0CAF3575126D995C662851643B7C4E148E12AB,0
20230201195015,52720375,NA,0
20230201195022,52720376,24FB2C580C632F20D982CDA484D4E296055E2C2EDC83C42625AA9ADB5D9C2187,0
20230201195028,52720377,9902B43A02145699B3256DD0623065F1E96A4FAFB6CC119C9AA16EDA0284689A,0
20230201195034,52720378,30E2CCB0CDFC94E3E75D850F7F342C5DFAB1052B6DACD21C664B63F126DF331B,0
20230201195043,52720379,FD1F856CEEAAE329C69E7C050DEB2EFB6B1597B41C4D21A7F13973C88F8CCC99,0
20230201195049,52720380,NA,0
20230201195055,52720381,C19B5915717DF4017C2ADF93AC768E037F69724771A47C3340409EE8A428A8F6,0
20230201195103,52720382,NA,0
20230201195109,52720383,46B63213280914E4A10DD2944499AB25F3C117910121A1537E6AA72C47FD918B,0
20230201195116,52720384,NA,0
20230201195122,52720385,NA,0
20230201195128,52720386,NA,0
20230201195134,52720387,EB3C1BA39A1108D0C1DC63B8BBAA7F3FEC23DD557E339274C5740C99038C1ECF,0
20230201195140,52720388,NA,0
20230201195146,52720389,1DB42B306F05002C75A5360CC4C891949654A6046567AF5A715B35A7DA64D301,0
20230201195152,52720390,NA,0
20230201195159,52720391,9D09AEE41A889889907CDB9AEA45689C2C44E31A82EA449FC033BEBB30BEA51F,0
20230201195205,52720392,34B26D5CC8BCCC701B8D6FD2CD3056E4722167A86C482D72DC13D97043E85F7D,0
20230201195211,52720393,19D0482F8980671101CD090346193627B8EFAD168E0D1D1EEE190D13D16B7D67,0
20230201195217,52720394,NA,0
20230201195223,52720395,NA,0
20230201195229,52720396,1F904CF2C33B907CBCD6612FC77240D61AC72BADA92C6091DA2A720E533BCF96,0
20230201195235,52720397,946A8CC2F14FC712C78BA72A5DCC96D2DCCBCFA0BD6D9287D603252D3318BA55,0
20230201195242,52720398,93D1064E4CE8F0FB2AF51076EE7A3C5310F1DE80B6F835B29EE183622527B12F,0
20230201195248,52720399,46D157CBEB01F58AA84CD7A56A65580D631BBD553578D7F48ECFA15AD74F9C26,0
20230201195254,52720400,A78F4B345198966FEC1694483E5A3D8721A85311B4CDB37E196CC606BE445C0F,0
20230201195303,52720401,NA,0
20230201195311,52720402,C1ED65AA0E9095B8D0E77537BD842080452BEE755707708D0C3D534267B66E3D,0
20230201195318,52720403,NA,0
20230201195324,52720404,NA,0
20230201195330,52720405,DC8186C39B466ED6B536FC82BAC44A2E249672667FB4679BACC4B9F77E61704F,0
20230201195338,52720406,NA,0
20230201195344,52720407,NA,0
20230201195350,52720408,NA,0
20230201195357,52720409,NA,0
20230201195403,52720410,NA,0
20230201195412,52720411,7077779AEA982DD8A32D0EFA26CCA618F704121C8D29CFF23A7228A697C422E2,0
20230201195418,52720412,NA,0
20230201195426,52720413,NA,0
20230201195434,52720414,NA,0
20230201195443,52720415,216D82D8C00DE6001F051A0FDC2C57FDF338D0262C73409F1E1F7687A3108FB9,0
20230201195451,52720416,NA,0
20230201195457,52720417,NA,0
20230201195505,52720418,C928ADA16AAD673CE7276D04E03ADEC02A6A21D815A7E46C4D0BA3A3DC3CC602,0
20230201195511,52720419,C4E29F44D28FDC103A02F9E3DFE0541E052771EEFC33B7C6391D1823EBB86EE9,0
20230201195518,52720420,E236AB08BDB957F8E08D2ACF985C4302C413D9B43083D766E69789ACCA85E8D3,0
20230201195523,52720421,NA,0
20230201195530,52720422,3B2227209AD74C177908433DDEAE3F10A48C3079C2AAEABE23237B4B7410A6C5,0
20230201195536,52720423,9C1B414A0741CDB8037BCA24896FAD411CB5223C58946723C3C055875A58056F,0
20230201195542,52720424,NA,0
20230201195548,52720425,AF582ACC1FD0FCE45175749F5DF5DFD579377D3CDA1C88B204E56E87903CC20E,0
20230201195554,52720426,88DDEF7D3FABB574AF3219E4D2EC8B3CB01D4A83633182121EE89D64968A193B,0
20230201195603,52720427,6252232E8CC82D1DF97322C15AF31678F06FCEEA87EAFB01A2CCAEACA2C9007F,0
20230201195609,52720428,2497A1BC78B318750F0B1DBB83968394E4EB3250E1FE6D6C47D5A1D31F05A39D,0
20230201195618,52720429,60946AD425B54178A92DB66EE56DC0093771680E2C97523790F49EE07D619381,0
20230201195624,52720430,NA,0
20230201195630,52720431,NA,0
20230201195636,52720432,NA,0
20230201195643,52720433,NA,0
20230201195649,52720434,NA,0
20230201195655,52720435,NA,0
20230201195702,52720436,NA,0
20230201195708,52720437,NA,0
20230201195714,52720438,NA,0
20230201195722,52720439,NA,0
20230201195729,52720440,NA,0
20230201195735,52720441,NA,0
20230201195741,52720442,NA,0
20230201195747,52720443,NA,0
20230201195753,52720444,4EFC09C837F59933F8641D4A1EAE221246D9773F5CA59B44A394616CBC3B8176,0
20230201195800,52720445,8BDD5A765A64AF7064F8138E97A4529C6A2BAC271799FD303AD46936067E5EC5,0
20230201195806,52720446,8044C854065C3C0CB31E48DC7AA8AB04781B757D8E3F8E594D1C6CD1B67AB22C,0
20230201195814,52720447,NA,0
20230201195820,52720448,NA,0
20230201195829,52720449,NA,0
20230201195838,52720450,NA,0
20230201195844,52720451,NA,0
20230201195850,52720452,NA,0
20230201195856,52720453,NA,0
20230201195902,52720454,NA,0
20230201195911,52720455,NA,0
20230201195917,52720456,NA,0
20230201195927,52720457,NA,0
20230201195935,52720458,NA,0
20230201195942,52720459,NA,0
20230201195948,52720460,35ABB96A0E87B20E6E4D269FE986EEE903F17E8D6E68207B1B655A486130DFC9,0
20230201195954,52720461,4CA8230C470CE687310E9B07DC633CA2F95572AF6F6B1998F2948D9A58D760FB,0
20230201200000,52720462,166BFAF9893C9B2664A047BB153EEA18A2CC3475D63ED3B0952EBD35A764B049,0
20230201200008,52720463,B0BF4860DE7C6876D4BA7079F3A3037746D9D7D15FCB97F0A10FA7F7B5604CD7,0
20230201200014,52720464,3E0AD7B67CF0845E4BF9D6B39047E204F50521F6370A04FFA4093C4044E0E94A,0
20230201200020,52720465,NA,0
20230201200027,52720466,NA,0
20230201200033,52720467,NA,0
20230201200039,52720468,NA,0
20230201200045,52720469,NA,0
20230201200051,52720470,NA,0
20230201200057,52720471,NA,0
20230201200104,52720472,NA,0
20230201200113,52720473,NA,0
20230201200119,52720474,NA,0
20230201200125,52720475,NA,0
20230201200131,52720476,NA,0
20230201200137,52720477,NA,0
20230201200144,52720478,NA,0
20230201200154,52720479,NA,0
20230201200200,52720480,NA,0
20230201200207,52720481,NA,0
20230201200215,52720482,NA,0
20230201200221,52720483,NA,0
20230201200227,52720484,NA,0
20230201200237,52720485,NA,0
20230201200243,52720486,NA,0
20230201200249,52720487,NA,0
20230201200255,52720488,NA,0
20230201200302,52720489,NA,0
20230201200308,52720490,NA,0
20230201200314,52720491,0426BA1FA0371D9DB17DECF41C3F1E63C249EDB38D85145B2774B9B921B6AEFC,0
20230201200321,52720492,8206E9874937976EBC3E5DBAA7C14C8E291F677EFD50163403DF451633D970BF,0
20230201200327,52720493,6538985D9A3665F1677BE73631CF18947E9CDA878282D62EE8F3421D7ABC9386,0
20230201200335,52720494,BC1E28543ADC34A96883BB3B62FF49D02E6C2AF880C4EA7321CFE1FC08817E3C,0
20230201200341,52720495,9249BB2C4FC1F8F7D93A901EF8463E86E9C436CCC92CF7F5C6F7710923BDF8A7,0
20230201200351,52720496,NA,0
20230201200357,52720497,NA,0
20230201200404,52720498,NA,0
20230201200410,52720499,NA,0
20230201200416,52720500,NA,0
20230201200422,52720501,NA,0
20230201200428,52720502,NA,0
20230201200438,52720503,NA,0
20230201200444,52720504,NA,0
20230201200451,52720505,NA,0
20230201200457,52720506,NA,0
20230201200503,52720507,NA,0
20230201200509,52720508,NA,0
20230201200519,52720509,779E1A85E7DF8DBEFE75B0B3CD3D3910723DF22FF72D90EE9A56FE231A326379,0
20230201200525,52720510,0C7BA8E8FC4FD69D4DBEFB68B6349DB8719187682C8C283410A537D1729A91CF,0
20230201200531,52720511,9204BBBF2D1FB1D4666A33A051925C5C68EF7F12AAF50CC3D9D6BF5D86F55832,0
20230201200538,52720512,AE8741D3B21FC23745A665AF3E98D010F8DFF94882FA313704DBA0A518D5F2C6,0
20230201200545,52720513,216DD1B7CC6070EE8E10247ACC6FF245BD66BB2C928D29D1A7F66B4A68B1B965,0
20230201200553,52720514,NA,0
20230201200559,52720515,NA,0
20230201200606,52720516,NA,0
20230201200613,52720517,NA,0
20230201200619,52720518,NA,0
20230201200627,52720519,NA,0
20230201200636,52720520,99D9EAE7AC1AA46B7A39B6984179C8707A25552DC63FA97F4719D1C83D783DD6,0
20230201200642,52720521,NA,0
20230201200648,52720522,NA,0
20230201200654,52720523,NA,0
20230201200700,52720524,NA,0
20230201200706,52720525,NA,0
20230201200712,52720526,NA,0
20230201200719,52720527,NA,0
20230201200725,52720528,NA,0
20230201200731,52720529,F8CE3257FF5E86A39DEDE11083229743273433D7AF583304ADDB095AC0239701,0
20230201200737,52720530,NA,0
20230201200743,52720531,NA,0
20230201200749,52720532,92E99A20F0D5663F0ABBF2CE507E6C7330EC9C05B919232CB7F25A2479CCFB87,0
20230201200755,52720533,0584F378B97A7B0A129E7D410B1D1DF53439DB332DE853B92967B8B36EC49088,0
20230201200801,52720534,CF3D15D62FF17FBE15E7040004008261949D4649C34D09CBAADE2B55CCAA02CB,0
20230201200807,52720535,D395F8FBF9B42951F505E7123F1E5EAA5A27627B41249C82DC46B19893AB5C32,0
20230201200813,52720536,6CBA23FCA48C700AE1A22D3F3292D649C3777723BEF016F21DC5F8F855909B52,0
20230201200820,52720537,A52A77778C6AB6121012B1F4D59A079C1AB2F1825FEFDE657093DA33468E4DC4,0
20230201200826,52720538,NA,0
20230201200832,52720539,NA,0
20230201200841,52720540,FAILED,0
20230201200847,52720541,2F5C596466653E233EA541762506732A16C065CD7629D859555B105D3C8CB5C4,0
20230201200856,52720542,NA,0
20230201200902,52720543,NA,0
20230201200908,52720544,NA,0
20230201200915,52720545,NA,0
20230201200921,52720546,NA,0
20230201200930,52720547,NA,0
20230201200936,52720548,NA,0
20230201200942,52720549,NA,0
20230201200948,52720550,NA,0
20230201200954,52720551,NA,0
20230201201000,52720552,NA,0
20230201201008,52720553,NA,0
20230201201016,52720554,NA,0
20230201201022,52720555,NA,0
20230201201028,52720556,NA,0
20230201201034,52720557,NA,0
20230201201040,52720558,NA,0
20230201201046,52720559,NA,0
20230201201052,52720560,6CD775B117F271BDF9B2F33C15ECF0D9FD6AD2E46C3DFD8E66051FC854450F65,0
20230201201058,52720561,0B3F83AA726F8F2B65BCC26D2EB0A19FDED8E1DA5A8F7D8E26A19C4596073AB7,0
20230201201104,52720562,579B864212EFC138F0BEF1C76B1E57D3DCD69FE17A4C9471230B62B6869DE25A,0
20230201201110,52720563,F70244F5CFFB58E04A4DF42D2A8AD0495FE37FB6717641074F956BBBC5E7E9EE,0
20230201201116,52720564,D594A802F8274F4F240324B98D88980EA0F8BCAADD4FCCCA0479D12928AFFDD0,0
20230201201123,52720565,NA,0
20230201201128,52720566,NA,0
20230201201138,52720567,NA,0
20230201201144,52720568,NA,0
20230201201149,52720569,NA,0
20230201201155,52720570,NA,0
20230201201202,52720571,NA,0
20230201201207,52720572,NA,0
20230201201213,52720573,NA,0
20230201201220,52720574,600A8AE2C6F5EF2CD7BEDE0FE04EB24527197477B2AB157B586C7F7BBE4FB184,0
20230201201226,52720575,NA,0
20230201201232,52720576,NA,0
20230201201238,52720577,NA,0
20230201201244,52720578,2E5FE6804464B96E2BFA0A010D8963BE7555AFA9EA635377C20B1CF395CE3F2E,0
20230201201250,52720579,NA,0
20230201201256,52720580,NA,0
20230201201302,52720581,NA,0
20230201201308,52720582,NA,0
20230201201315,52720583,B8B847AC418AB16DC5C054432B29B126B41332074320643CF1A4CFEDE7B32E45,0
20230201201321,52720584,7F92482559A49263AEE77BABF449964F458ECB132E938D667A6C688C7E482205,0
20230201201327,52720585,2E871EA200DCAD635D6C6DDCE437DA38C4C6FF140CA4803C8FFAE6F3F4EE3FE1,0
20230201201333,52720586,3E1F3F2C876C281615FA976E9AA26B27239B641DEAE212875FC56DF3B002958A,0
20230201201339,52720587,C9D2CD9B57B7DF19D25C2A5208C2E4342F5F4C3E18D4F38900D3C3877E274FC4,0
20230201201345,52720588,NA,0
20230201201351,52720589,NA,0
20230201201357,52720590,NA,0
20230201201403,52720591,NA,0
20230201201409,52720592,NA,0
20230201201418,52720593,NA,0
20230201201424,52720594,NA,0
20230201201430,52720595,NA,0
20230201201436,52720596,NA,0
20230201201442,52720597,NA,0
20230201201448,52720598,NA,0
20230201201454,52720599,NA,0
20230201201500,52720600,NA,0
20230201201506,52720601,CD640B0771975F38E6B708C54BC551EA6FE8BC9B8767400014FFCF8DFAB866F3,0
20230201201512,52720602,NA,0
20230201201518,52720603,FDB9848E3929C5A3255185DA7FCD0DF1E26928E4C0F58DD0D8FDFA2D32453E8F,0
20230201201524,52720604,3D2AE21BE4ED1E9466967E03A62F6323FA9CC556842E7E2B349B914D50222AB8,0
20230201201530,52720605,3595A5B10C277C633F2B192D6F71FFAA1031CF3A518A0BF7C5A7A70495E61E1F,0
20230201201537,52720606,NA,0
20230201201543,52720607,NA,0
20230201201549,52720608,NA,0
20230201201555,52720609,NA,0
20230201201601,52720610,NA,0
20230201201607,52720611,NA,0
20230201201612,52720612,NA,0
20230201201621,52720613,NA,0
20230201201630,52720614,NA,0
20230201201636,52720615,NA,0
20230201201642,52720616,NA,0
20230201201648,52720617,NA,0
20230201201654,52720618,NA,0
20230201201700,52720619,NA,0
20230201201707,52720620,NA,0
20230201201713,52720621,NA,0
20230201201719,52720622,NA,0
20230201201725,52720623,NA,0
20230201201732,52720624,NA,0
20230201201742,52720625,NA,0
20230201201748,52720626,NA,0
20230201201754,52720627,NA,0
20230201201800,52720628,NA,0
20230201201806,52720629,NA,0
20230201201812,52720630,NA,0
20230201201818,52720631,17DA16298E749390BFBB4D49B0FA885CD6735BBEDA9B526938D28C69AEDC6A01,0
20230201201824,52720632,1D4B079C9675AC52E21D327A5EE444EB58E52E7180B0FE9D1976CD7B4C26B622,0
20230201201830,52720633,219BF9FA6602F4521A971EDC88C97A443E30072A52278D7E01C0E2EFEE79191D,0
20230201201836,52720634,NA,0
20230201201842,52720635,NA,0
20230201201848,52720636,NA,0
20230201201854,52720637,NA,0
20230201201900,52720638,NA,0
20230201201906,52720639,AB75795F9C0BE5DAB0CD221078F95AEB634BF46C983D6DB451ADF3458E6D89D7,0
20230201201912,52720640,NA,0
20230201201918,52720641,NA,0
20230201201924,52720642,NA,0
20230201201932,52720643,NA,0
20230201201938,52720644,NA,0
20230201201944,52720645,9419C66286DA86A26C6C3F0902C8320F95E755C80653F134770FA713DCD0E6D6,0
20230201201950,52720646,NA,0
20230201201956,52720647,NA,0
20230201202002,52720648,NA,0
20230201202008,52720649,NA,0
20230201202014,52720650,NA,0
20230201202019,52720651,NA,0
20230201202025,52720652,NA,0
20230201202031,52720653,NA,0
20230201202037,52720654,NA,0
20230201202043,52720655,NA,0
20230201202049,52720656,1B2AD4CFE4E907D2BDEA6BC675A21ADEA09276FB97FBBD6D0EA33A52442305FE,0
20230201202055,52720657,NA,0
20230201202101,52720658,NA,0
20230201202107,52720659,NA,0
20230201202113,52720660,NA,0
20230201202121,52720661,NA,0
20230201202130,52720662,NA,0
20230201202135,52720663,NA,0
20230201202141,52720664,NA,0
20230201202147,52720665,NA,0
20230201202153,52720666,NA,0
20230201202159,52720667,NA,0
20230201202206,52720668,NA,0
20230201202213,52720669,NA,0
20230201202220,52720670,NA,0
20230201202227,52720671,NA,0
20230201202233,52720672,NA,0
20230201202239,52720673,NA,0
20230201202246,52720674,NA,0
20230201202254,52720675,NA,0
20230201202300,52720676,NA,0
20230201202306,52720677,NA,0
20230201202313,52720678,NA,0
20230201202320,52720679,NA,0
20230201202326,52720680,NA,0
20230201202333,52720681,NA,0
20230201202340,52720682,NA,0
20230201202347,52720683,54F90D866BB6473302602CD4567C8568723E74796F5FAAACEAB357A3ACAF6F88,0
20230201202357,52720684,NA,0
20230201202403,52720685,NA,0
20230201202410,52720686,NA,0
20230201202417,52720687,NA,0
20230201202424,52720688,NA,0
20230201202431,52720689,NA,0
20230201202437,52720690,NA,0
20230201202444,52720691,NA,0
20230201202451,52720692,NA,0
20230201202457,52720693,NA,0
20230201202504,52720694,NA,0
20230201202513,52720695,NA,0
20230201202520,52720696,NA,0
20230201202527,52720697,NA,0
20230201202534,52720698,NA,0
20230201202540,52720699,NA,0
20230201202547,52720700,NA,0
20230201202553,52720701,NA,0
20230201202559,52720702,NA,0
20230201202606,52720703,NA,0
20230201202613,52720704,NA,0
20230201202621,52720705,NA,0
20230201202628,52720706,NA,0
20230201202635,52720707,NA,0
20230201202642,52720708,NA,0
20230201202650,52720709,889EC6BB0EC1757F872E59F8013A363DCF281D93AA639310B295A0BEAA8492CB,0
20230201202658,52720710,NA,0
20230201202706,52720711,NA,0
20230201202713,52720712,NA,0
20230201202720,52720713,NA,0
20230201202727,52720714,NA,0
20230201202734,52720715,NA,0
20230201202742,52720716,NA,0
20230201202749,52720717,NA,0
20230201202756,52720718,NA,0
20230201202804,52720719,CCE66E4F8F067BA331767324948D8659B00175297659447CD006B863170562E6,0
20230201202811,52720720,NA,0
20230201202818,52720721,NA,0
20230201202827,52720722,NA,0
20230201202834,52720723,NA,0
20230201202841,52720724,NA,0
20230201202849,52720725,NA,0
20230201202856,52720726,852132372157B6C9DD69A59E3B417856923C3256AB76639E73BF9520FD7CC3BC,0
20230201202903,52720727,NA,0
20230201202910,52720728,NA,0
20230201202917,52720729,NA,0
20230201202924,52720730,NA,0
20230201202932,52720731,NA,0
20230201202940,52720732,NA,0
20230201202947,52720733,NA,0
20230201202955,52720734,NA,0
20230201203002,52720735,2404ABBC062A4E70203451B4C865EE1F5DAA9512FE843702EFDF6F7D07086ECD,0
20230201203010,52720736,NA,0
20230201203019,52720737,NA,0
20230201203026,52720738,9D6E45D025FCCBD35C250080F627A671FB5DE41DC97B1D61E50AE695B8A0F6CB,0
20230201203033,52720739,NA,0
20230201203041,52720740,NA,0
20230201203049,52720741,NA,0
20230201203056,52720742,NA,0
20230201203104,52720743,NA,0
20230201203111,52720744,NA,0
20230201203118,52720745,NA,0
20230201203125,52720746,NA,0
20230201203132,52720747,NA,0
20230201203139,52720748,NA,0
20230201203147,52720749,NA,0
20230201203154,52720750,NA,0
20230201203201,52720751,NA,0
20230201203208,52720752,NA,0
20230201203217,52720753,NA,0
20230201203225,52720754,NA,0
20230201203233,52720755,NA,0
20230201203241,52720756,NA,0
20230201203248,52720757,NA,0
20230201203256,52720758,NA,0
20230201203303,52720759,NA,0
20230201203310,52720760,NA,0
20230201203319,52720761,NA,0
20230201203327,52720762,NA,0
20230201203334,52720763,NA,0
20230201203342,52720764,NA,0
20230201203350,52720765,NA,0
20230201203357,52720766,6C757C089C0F0895B0B1FAE0E3D9F0C067EB0E0C02B400AD55A724B453AA4B94,0
20230201203404,52720767,NA,0
20230201203412,52720768,NA,0
20230201203419,52720769,NA,0
20230201203427,52720770,NA,0
20230201203435,52720771,NA,0
20230201203442,52720772,NA,0
20230201203449,52720773,NA,0
20230201203456,52720774,NA,0
20230201203503,52720775,NA,0
20230201203511,52720776,NA,0
20230201203518,52720777,NA,0
20230201203525,52720778,NA,0
20230201203532,52720779,NA,0
20230201203540,52720780,NA,0
20230201203548,52720781,NA,0
20230201203555,52720782,NA,0
20230201203603,52720783,NA,0
20230201203610,52720784,NA,0
20230201203618,52720785,NA,0
20230201203625,52720786,NA,0
20230201203632,52720787,NA,0
20230201203639,52720788,NA,0
20230201203647,52720789,NA,0
20230201203655,52720790,NA,0
20230201203702,52720791,NA,0
20230201203709,52720792,7FCA91ABB7AF5645B740B5AD4E2453464129BFF1C958E39E54D24A1DA9A543B2,0
20230201203716,52720793,NA,0
20230201203723,52720794,NA,0
20230201203730,52720795,NA,0
20230201203738,52720796,NA,0
20230201203745,52720797,NA,0
20230201203752,52720798,NA,0
20230201203759,52720799,NA,0
20230201203807,52720800,NA,0
20230201203814,52720801,NA,0
20230201203822,52720802,NA,0
20230201203829,52720803,NA,0
20230201203836,52720804,NA,0
20230201203843,52720805,NA,0
20230201203851,52720806,NA,0
20230201203859,52720807,NA,0
20230201203906,52720808,NA,0
20230201203913,52720809,NA,0
20230201203920,52720810,NA,0
20230201203928,52720811,NA,0
20230201203936,52720812,NA,0
20230201203943,52720813,NA,0
20230201203950,52720814,NA,0
20230201203957,52720815,NA,0
20230201204005,52720816,NA,0
20230201204011,52720817,NA,0
20230201204021,52720818,NA,0
20230201204030,52720819,NA,0
20230201204037,52720820,NA,0
20230201204045,52720821,NA,0
20230201204053,52720822,NA,0
20230201204101,52720823,NA,0
20230201204108,52720824,NA,0
20230201204116,52720825,NA,0
20230201204122,52720826,NA,0
20230201204129,52720827,NA,0
20230201204136,52720828,NA,0
20230201204144,52720829,NA,0
20230201204152,52720830,5F97B908E892D54EF684CB51718DA7D2D2D92B8FF719EA9BD07735B2663C3B3F,0
20230201204159,52720831,NA,0
20230201204206,52720832,NA,0
20230201204214,52720833,NA,0
20230201204222,52720834,NA,0
20230201204229,52720835,NA,0
20230201204238,52720836,NA,0
20230201204245,52720837,NA,0
20230201204253,52720838,NA,0
20230201204300,52720839,NA,0
20230201204308,52720840,NA,0
20230201204316,52720841,NA,0
20230201204323,52720842,NA,0
20230201204330,52720843,NA,0
20230201204339,52720844,NA,0
20230201204346,52720845,NA,0
20230201204353,52720846,NA,0
20230201204400,52720847,NA,0
20230201204409,52720848,NA,0
20230201204416,52720849,NA,0
20230201204423,52720850,NA,0
20230201204431,52720851,NA,0
20230201204438,52720852,NA,0
20230201204446,52720853,NA,0
20230201204453,52720854,NA,0
20230201204500,52720855,NA,0
20230201204507,52720856,NA,0
20230201204516,52720857,NA,0
20230201204523,52720858,NA,0
20230201204530,52720859,NA,0
20230201204537,52720860,NA,0
20230201204544,52720861,NA,0
20230201204551,52720862,NA,0
20230201204559,52720863,NA,0
20230201204607,52720864,NA,0
20230201204614,52720865,C0E7E2D3FEFA3107402396C185ED69535F0FC1E788399360D4BAAE6D9323E7C1,0
20230201204623,52720866,NA,0
20230201204630,52720867,NA,0
20230201204637,52720868,NA,0
20230201204645,52720869,NA,0
20230201204653,52720870,NA,0
20230201204700,52720871,NA,0
20230201204709,52720872,NA,0
20230201204717,52720873,NA,0
20230201204723,52720874,NA,0
20230201204731,52720875,NA,0
20230201204739,52720876,NA,0
20230201204746,52720877,NA,0
20230201204753,52720878,NA,0
20230201204801,52720879,NA,0
20230201204808,52720880,NA,0
20230201204816,52720881,NA,0
20230201204824,52720882,NA,0
20230201204832,52720883,NA,0
20230201204839,52720884,NA,0
20230201204846,52720885,NA,0
20230201204855,52720886,NA,0
20230201204903,52720887,NA,0
20230201204912,52720888,NA,0
20230201204920,52720889,NA,0
20230201204928,52720890,NA,0
20230201204938,52720891,NA,0
20230201204945,52720892,NA,0
20230201204955,52720893,NA,0
20230201205003,52720894,NA,0
20230201205010,52720895,NA,0
20230201205019,52720896,NA,0
20230201205028,52720897,NA,0
20230201205035,52720898,NA,0
20230201205043,52720899,NA,0
20230201205050,52720900,NA,0
20230201205058,52720901,NA,0
20230201205105,52720902,NA,0
20230201205112,52720903,NA,0
20230201205119,52720904,NA,0
20230201205126,52720905,NA,0
20230201205133,52720906,NA,0
20230201205140,52720907,NA,0
20230201205148,52720908,NA,0
20230201205155,52720909,NA,0
20230201205204,52720910,0D00B99A313F80DEA55DB429E7A6B8C7BE271B3C7374E8ECFC23812BB3F81DE1,0
20230201205211,52720911,NA,0
20230201205218,52720912,NA,0
20230201205225,52720913,NA,0
20230201205232,52720914,NA,0
20230201205240,52720915,NA,0
20230201205247,52720916,NA,0
20230201205255,52720917,NA,0
20230201205303,52720918,NA,0
20230201205310,52720919,NA,0
20230201205318,52720920,NA,0
20230201205325,52720921,NA,0
20230201205334,52720922,NA,0
20230201205341,52720923,8D54F182BB0CA7D16D6C34F01BEF79186FB84607A020D1A535FFAA3FA64D8BF7,0
20230201205349,52720924,NA,0
20230201205358,52720925,NA,0
20230201205406,52720926,NA,0
20230201205413,52720927,NA,0
20230201205421,52720928,NA,0
20230201205429,52720929,NA,0
20230201205437,52720930,NA,0
20230201205445,52720931,NA,0
20230201205452,52720932,NA,0
20230201205500,52720933,NA,0
20230201205507,52720934,NA,0
20230201205515,52720935,NA,0
20230201205523,52720936,NA,0
20230201205531,52720937,NA,0
20230201205538,52720938,NA,0
20230201205545,52720939,NA,0
20230201205553,52720940,NA,0
20230201205600,52720941,NA,0
20230201205608,52720942,NA,0
20230201205615,52720943,NA,0
20230201205622,52720944,NA,0
20230201205630,52720945,NA,0
20230201205637,52720946,NA,0
20230201205645,52720947,NA,0
20230201205652,52720948,NA,0
20230201205659,52720949,NA,0
20230201205707,52720950,NA,0
20230201205715,52720951,NA,0
20230201205724,52720952,NA,0
20230201205733,52720953,NA,0
20230201205741,52720954,NA,0
20230201205748,52720955,AF93BF6219225CFC717E3E974AC59D7BCBE12842D7B605305DDE516A49499E21,0
20230201205755,52720956,NA,0
20230201205803,52720957,NA,0
20230201205810,52720958,NA,0
20230201205818,52720959,NA,0
20230201205826,52720960,NA,0
20230201205833,52720961,NA,0
20230201205841,52720962,NA,0
20230201205849,52720963,NA,0
20230201205856,52720964,NA,0
20230201205904,52720965,NA,0
20230201205912,52720966,NA,0
20230201205920,52720967,NA,0
20230201205929,52720968,NA,0
20230201205938,52720969,NA,0
20230201205947,52720970,NA,0
20230201205955,52720971,NA,0
20230201210002,52720972,NA,0
20230201210011,52720973,NA,0
20230201210019,52720974,NA,0
20230201210027,52720975,NA,0
20230201210035,52720976,NA,0
20230201210042,52720977,NA,0
20230201210051,52720978,NA,0
20230201210058,52720979,NA,0
20230201210106,52720980,NA,0
20230201210113,52720981,NA,0
20230201210121,52720982,NA,0
20230201210129,52720983,NA,0
20230201210137,52720984,NA,0
20230201210144,52720985,NA,0
20230201210151,52720986,NA,0
20230201210158,52720987,NA,0
20230201210206,52720988,NA,0
20230201210213,52720989,NA,0
20230201210221,52720990,NA,0
20230201210228,52720991,NA,0
20230201210235,52720992,NA,0
20230201210244,52720993,NA,0
20230201210252,52720994,NA,0
20230201210259,52720995,NA,0
20230201210306,52720996,NA,0
20230201210314,52720997,NA,0
20230201210321,52720998,NA,0
20230201210328,52720999,NA,0
20230201210335,52721000,NA,0
20230201210343,52721001,NA,0
20230201210350,52721002,NA,0
20230201210357,52721003,NA,0
20230201210405,52721004,NA,0
20230201210412,52721005,NA,0
20230201210419,52721006,NA,0
20230201210427,52721007,NA,0
20230201210434,52721008,NA,0
20230201210443,52721009,NA,0
20230201210450,52721010,NA,0
20230201210457,52721011,NA,0
20230201210505,52721012,NA,0
20230201210512,52721013,NA,0
20230201210520,52721014,NA,0
20230201210527,52721015,NA,0
20230201210535,52721016,NA,0
20230201210542,52721017,NA,0
20230201210550,52721018,NA,0
20230201210557,52721019,NA,0
20230201210604,52721020,NA,0
20230201210612,52721021,NA,0
20230201210619,52721022,NA,0
20230201210627,52721023,NA,0
20230201210634,52721024,NA,0
20230201210641,52721025,NA,0
20230201210648,52721026,NA,0
20230201210656,52721027,NA,0
20230201210704,52721028,NA,0
20230201210711,52721029,NA,0
20230201210719,52721030,NA,0
20230201210727,52721031,NA,0
20230201210736,52721032,NA,0
20230201210743,52721033,NA,0
20230201210751,52721034,C8EF9156940958AEF81A3F317DAC515B8A17FE7330C659F65B125184810D8E18,0
20230201210800,52721035,NA,0
20230201210807,52721036,NA,0
20230201210815,52721037,NA,0
20230201210823,52721038,NA,0
20230201210832,52721039,NA,0
20230201210841,52721040,NA,0
20230201210849,52721041,NA,0
20230201210856,52721042,NA,0
20230201210904,52721043,NA,0
20230201210911,52721044,NA,0
20230201210918,52721045,NA,0
20230201210927,52721046,NA,0
20230201210935,52721047,NA,0
20230201210943,52721048,NA,0
20230201210950,52721049,NA,0
20230201210959,52721050,NA,0
20230201211006,52721051,NA,0
20230201211013,52721052,NA,0
20230201211021,52721053,NA,0
20230201211028,52721054,NA,0
20230201211035,52721055,NA,0
20230201211043,52721056,NA,0
20230201211050,52721057,NA,0
20230201211057,52721058,NA,0
20230201211105,52721059,NA,0
20230201211113,52721060,NA,0
20230201211121,52721061,NA,0
20230201211128,52721062,NA,0
20230201211135,52721063,NA,0
20230201211144,52721064,1336865A2E0C0E376BDCD5CDA8C305153DC7E3DFFF9255AAA3BE3A686B969996,0
20230201211152,52721065,NA,0
20230201211159,52721066,NA,0
20230201211206,52721067,NA,0
20230201211214,52721068,NA,0
20230201211222,52721069,NA,0
20230201211229,52721070,NA,0
20230201211236,52721071,NA,0
20230201211243,52721072,NA,0
20230201211251,52721073,NA,0
20230201211258,52721074,NA,0
20230201211307,52721075,NA,0
20230201211314,52721076,NA,0
20230201211323,52721077,NA,0
20230201211332,52721078,NA,0
20230201211339,52721079,NA,0
20230201211346,52721080,NA,0
20230201211355,52721081,NA,0
20230201211403,52721082,NA,0
20230201211410,52721083,NA,0
20230201211418,52721084,NA,0
20230201211426,52721085,NA,0
20230201211434,52721086,NA,0
20230201211441,52721087,NA,0
20230201211450,52721088,NA,0
20230201211457,52721089,NA,0
20230201211507,52721090,NA,0
20230201211516,52721091,NA,0
20230201211524,52721092,NA,0
20230201211532,52721093,NA,0
20230201211540,52721094,NA,0
20230201211548,52721095,NA,0
20230201211555,52721096,NA,0
20230201211604,52721097,NA,0
20230201211612,52721098,NA,0
20230201211620,52721099,NA,0
20230201211627,52721100,NA,0
20230201211634,52721101,NA,0
20230201211642,52721102,NA,0
20230201211649,52721103,NA,0
20230201211657,52721104,EEB5DD2481A95A27C16BB3E403C14BEDD450814C02E2406716E90C674C38C655,0
20230201211705,52721105,NA,0
20230201211712,52721106,NA,0
20230201211720,52721107,NA,0
20230201211727,52721108,NA,0
20230201211735,52721109,NA,0
20230201211743,52721110,NA,0
20230201211751,52721111,NA,0
20230201211758,52721112,NA,0
20230201211805,52721113,NA,0
20230201211813,52721114,NA,0
20230201211822,52721115,NA,0
20230201211829,52721116,NA,0
20230201211837,52721117,NA,0
20230201211844,52721118,NA,0
20230201211852,52721119,NA,0
20230201211859,52721120,NA,0
20230201211907,52721121,NA,0
20230201211914,52721122,NA,0
20230201211921,52721123,NA,0
20230201211928,52721124,NA,0
20230201211936,52721125,NA,0
20230201211943,52721126,NA,0
20230201211951,52721127,NA,0
20230201211958,52721128,NA,0
20230201212006,52721129,NA,0
20230201212013,52721130,NA,0
20230201212022,52721131,NA,0
20230201212030,52721132,NA,0
20230201212038,52721133,NA,0
20230201212045,52721134,NA,0
20230201212053,52721135,NA,0
20230201212102,52721136,NA,0
20230201212110,52721137,NA,0
20230201212117,52721138,NA,0
20230201212125,52721139,NA,0
20230201212133,52721140,NA,0
20230201212141,52721141,NA,0
20230201212148,52721142,NA,0
20230201212156,52721143,NA,0
20230201212203,52721144,NA,0
20230201212212,52721145,NA,0
20230201212219,52721146,NA,0
20230201212226,52721147,NA,0
20230201212234,52721148,8731DB6A679356E4558FBE14EC9F11392BCAD6CD50C2B463AAC78997B84A175C,0
20230201212241,52721149,NA,0
20230201212248,52721150,NA,0
20230201212255,52721151,NA,0
20230201212303,52721152,NA,0
20230201212310,52721153,NA,0
20230201212320,52721154,NA,0
20230201212327,52721155,NA,0
20230201212334,52721156,NA,0
20230201212342,52721157,NA,0
20230201212349,52721158,NA,0
20230201212358,52721159,NA,0
20230201212406,52721160,NA,0
20230201212414,52721161,NA,0
20230201212421,52721162,NA,0
20230201212429,52721163,NA,0
20230201212436,52721164,NA,0
20230201212444,52721165,NA,0
20230201212452,52721166,NA,0
20230201212459,52721167,NA,0
20230201212506,52721168,NA,0
20230201212513,52721169,607F4FD7BA68885468121BFCFD9F55D046232B37D90E30EC70996693E95F993E,0
20230201212521,52721170,NA,0
20230201212528,52721171,NA,0
20230201212536,52721172,C7D4ACB776C80B8F80B73C63476DB8CBF4D2151599231B9BE08F8B62797A7B8D,0
20230201212543,52721173,NA,0
20230201212551,52721174,NA,0
20230201212558,52721175,NA,0
20230201212607,52721176,NA,0
20230201212614,52721177,04339B896DDA95FAC2C889F2E90AB73CAC53403CE1557CEFE70BF4B859E2C030,0
20230201212622,52721178,NA,0
20230201212630,52721179,NA,0
20230201212637,52721180,NA,0
20230201212645,52721181,NA,0
20230201212653,52721182,4594CBE621C47609A72D14D900D6755E8B4CF14B883234C3C53520661CE0AEE7,0
20230201212700,52721183,NA,0
20230201212707,52721184,NA,0
20230201212715,52721185,6F74B3A1DC03F2152DB3AB0ACD53379238B0D7EFB8A747FD061972813CAE655B,0
20230201212722,52721186,AD3B1FA57A2AF83A7A39ADD2F475F2A35352A41EB9B0CFED051778BB243238D2,0
20230201212730,52721187,A4803A2A63EC59C17A40D4C1F5588474800C015C16394106C27D4D38D5126619,0
20230201212737,52721188,0CE1EE112C840E47E142B08A84B625B1941812D04DCE63DB46924C9A04662ABE,0
20230201212745,52721189,FAD36EDD4301EA21D61D39DA1AAF796AEF8DA395190B86D33BEA07CB77B338F9,0
20230201212752,52721190,C173CEC5203EBD5E3218372C1F2485DED44EB4EEA8B782067A697F35399FB4E3,0
20230201212759,52721191,F30ED171799F9326E0A15204E31B8B94C8DA8F8250423C92AF4FA9CDD3B19A41,0
20230201212808,52721192,NA,0
20230201212815,52721193,NA,0
20230201212824,52721194,NA,0
20230201212831,52721195,NA,0
20230201212839,52721196,NA,0
20230201212846,52721197,NA,0
20230201212854,52721198,NA,0
20230201212902,52721199,NA,0
20230201212910,52721200,NA,0
20230201212918,52721201,NA,0
20230201212927,52721202,NA,0
20230201212934,52721203,NA,0
20230201212942,52721204,B1F803D5122E80EAD2365EC39B4530699D74E0A67C70DE9DEE241CCC121AF49F,0
20230201212950,52721205,9775091975022B22D5BB17C9FE26EBFDDE767B89C2A868F5AD380E4153DFF7AD,0
20230201212958,52721206,6A554D377B6776EEFDC6EEF888CDA68633743B4BF3BAFB9D6DC6EF473799405E,0
20230201213005,52721207,DF24B46E50D992D73CF69CAEDEF955AB7DA829030C6EC2B575935B75393684CD,0
20230201213013,52721208,B040952DF421152D2FC69691EE5DEFFDB278CFDE5C33180563F5671ACAB541E9,0
20230201213020,52721209,CF957C3EEBAE6F785414D580989325703C0696EEABA39F55039C7A0F8A290F26,0
20230201213029,52721210,0BF1782EA7A3B671F636D065183CCEA6141A9659916C591C0F795CF13752257D,0
20230201213037,52721211,NA,0
20230201213044,52721212,NA,0
20230201213052,52721213,NA,0
20230201213059,52721214,NA,0
20230201213106,52721215,NA,0
20230201213114,52721216,NA,0
20230201213122,52721217,NA,0
20230201213130,52721218,NA,0
20230201213137,52721219,NA,0
20230201213145,52721220,NA,0
20230201213152,52721221,NA,0
20230201213200,52721222,NA,0
20230201213208,52721223,C46BF67F5BAFDC7C267DE9CEB84FB56B79FCC31E16914D4469DFF1598C2C1A60,0
20230201213215,52721224,NA,0
20230201213223,52721225,NA,0
20230201213230,52721226,NA,0
20230201213239,52721227,9B5DF618816622D0E71E25D8C8BEACF92F7BF5CE02F5213947C49DC42BAE7A11,0
20230201213247,52721228,E3E3EA9687D2CA0003CE161541615747AA2EF0499F2E99670AEF9A5DA388F265,0
20230201213256,52721229,8C2085E3A5D0DE6B2DD907C34DF3426B47DBA61A49FDD225F2214155DCB6348D,0
20230201213304,52721230,E38447748BCA4EF6135D4E20EC6F5333AF9AC227E49404061EBF188059D9DAAD,0
20230201213311,52721231,CBEF99A992ECB87F14444EC1A7736EB10AEF2606D198FC8C38D0114A711618DD,0
20230201213318,52721232,25AC99137627943D5FC76CDCA23794C2A108FE9CCC67142EC90143B70098AC4A,0
20230201213326,52721233,29048ED392616EB8E5908D6177D98716F3C1DE40218751B4709BC6C10C4910D2,0
20230201213333,52721234,49EC3BBDEBC7D7A1DA502CD0A152CA410C1A7AECD1DBDDB12D21866307E2F6A5,0
20230201213340,52721235,NA,0
20230201213348,52721236,NA,0
20230201213356,52721237,NA,0
20230201213404,52721238,NA,0
20230201213413,52721239,NA,0
20230201213421,52721240,NA,0
20230201213429,52721241,NA,0
20230201213437,52721242,NA,0
20230201213445,52721243,NA,0
20230201213453,52721244,NA,0
20230201213500,52721245,NA,0
20230201213507,52721246,NA,0
20230201213516,52721247,NA,0
20230201213523,52721248,B4BB568AD45FFE8F8B20E2C4D0E739A20E25E307297C6EE30520113528BCECD4,0
20230201213530,52721249,A7ABA5AE20FB1DD4A3A28BDE88CDA5209EE855DED96BA41F9E3D096AE8A49C57,0
20230201213538,52721250,570A7B4203F1E82CC9762F6FFB6BDA6AFD68014C4C549A7B4E4F8C392FFF4F18,0
20230201213547,52721251,62408D7D13FE6DC8C56F30286BD02EC4A583B02BE9319E76AA5E3EF809A7450A,0
20230201213555,52721252,E9EF68371E948C1689AC1527EFE824FBD626DED63E12DE72FDCCC2C25AA7B0A9,0
20230201213603,52721253,6075708DBD993883E8C3FD3A06B6820D3ED55C8C538D5FEF4633A07A155F6B57,0
20230201213611,52721254,NA,0
20230201213618,52721255,NA,0
20230201213625,52721256,NA,0
20230201213633,52721257,NA,0
20230201213640,52721258,NA,0
20230201213647,52721259,NA,0
20230201213656,52721260,NA,0
20230201213705,52721261,NA,0
20230201213712,52721262,NA,0
20230201213721,52721263,NA,0
20230201213729,52721264,NA,0
20230201213737,52721265,9EF46094F086B467A894DA9B94F7605E9C85594D5645C6474959787A0C6725D3,0
20230201213744,52721266,NA,0
20230201213753,52721267,NA,0
20230201213800,52721268,NA,0
20230201213808,52721269,NA,0
20230201213815,52721270,NA,0
20230201213822,52721271,NA,0
20230201213830,52721272,1A3FE2BD11C6C272F6613CCC806B032A43A1507046D300117A1DF099FE7FAC14,0
20230201213837,52721273,A1582F343403CDDB3FEB7266EA5EF40245CE8E919D93A9CF9A5CF3B14F4A089B,0
20230201213844,52721274,879CB8F0CD023C3403CB880F8E7793E590A3B98AC140E0C04D66D1455AB18AEA,0
20230201213851,52721275,7B60CEFFF3B716BC6906CFB5D7E47897B201572B54687B74ED621B0567C5A035,0
20230201213900,52721276,20B22C37C9E4131F9EFBE3AAFDC834B0AF1B7E0D68E2D94E69A39E133EBCA60B,0
20230201213907,52721277,42B961002752730C8E30A3259A8902B6CE350ECBC3464E7A8F678BB16FB82A28,0
20230201213914,52721278,NA,0
20230201213922,52721279,NA,0
20230201213929,52721280,NA,0
20230201213936,52721281,NA,0
20230201213944,52721282,NA,0
20230201213952,52721283,NA,0
20230201213959,52721284,NA,0
20230201214006,52721285,NA,0
20230201214015,52721286,NA,0
20230201214022,52721287,NA,0
20230201214030,52721288,NA,0
20230201214037,52721289,NA,0
20230201214045,52721290,NA,0
20230201214053,52721291,NA,0
20230201214100,52721292,NA,0
20230201214109,52721293,NA,0
20230201214117,52721294,NA,0
20230201214127,52721295,NA,0
20230201214134,52721296,NA,0
20230201214142,52721297,NA,0
20230201214149,52721298,NA,0
20230201214157,52721299,NA,0
20230201214206,52721300,NA,0
20230201214213,52721301,NA,0
20230201214221,52721302,NA,0
20230201214228,52721303,9B8665941D19C8238EC9BFED7AC8311DF44FAB1361EF54F0F57B30C1CC4DE492,0
20230201214235,52721304,ECC591306249BBC825A0DA437A85EE063CA90CB3AA2CFBF96B4CB218C4A0EEEC,0
20230201214245,52721305,DBD5ED08367CABA22A066D528B6FC6D3247366D3D987FD7F4BA2EDB37A2880D9,0
20230201214252,52721306,902A94376BA636AFE84061035ED8B00B660B9BF5E6A8B0B6195D7FA13111DC01,0
20230201214300,52721307,076CCE910C1831FD6E6A94A7E0CC3180E705CE48080333A4C107C48688D5A812,0
20230201214307,52721308,EA166AAB876620A966D1A7750174DCD029BA055B8DA4AB16C0FEE55723C9A90E,0
20230201214314,52721309,NA,0
20230201214322,52721310,NA,0
20230201214330,52721311,NA,0
20230201214338,52721312,NA,0
20230201214347,52721313,NA,0
20230201214354,52721314,NA,0
20230201214403,52721315,NA,0
20230201214410,52721316,NA,0
20230201214418,52721317,NA,0
20230201214425,52721318,NA,0
20230201214433,52721319,NA,0
20230201214441,52721320,NA,0
20230201214450,52721321,NA,0
20230201214457,52721322,NA,0
20230201214504,52721323,NA,0
20230201214511,52721324,NA,0
20230201214519,52721325,NA,0
20230201214526,52721326,NA,0
20230201214534,52721327,B8BE666F0516318B693220B7078C8F3835E092CA087AD661CF0DFC99EEB26F11,0
20230201214541,52721328,9448522F3D9E6E740CF14B6E2758A0DB88807213EB7208E9953ED2A7DB0EFE23,0
20230201214549,52721329,E5B00199B99F1DC6CF852D2BED576A26D645B8FAD7156119826E60FC4ECDBA2B,0
20230201214556,52721330,88C10187070917D6F2C083A1FC810DB2FA20CC917849AEEE8EBAD2DC9AA5C6C3,0
20230201214604,52721331,D4204C976C405A3EC30E5324117D0CE9C3E879D334D93C138ADB47EAA2262AA5,0
20230201214611,52721332,BA35C4D11BEE75EF2AA627B6E62511D7A7D23C29E924CD2F4B69F6C3CCE1D3DA,0
20230201214618,52721333,NA,0
20230201214625,52721334,5C68AB6604D6244C3965FFF140E409ED736EEEBDABE9176E9604E792A01EACAE,0
20230201214632,52721335,NA,0
20230201214641,52721336,NA,0
20230201214648,52721337,NA,0
20230201214655,52721338,NA,0
20230201214703,52721339,NA,0
20230201214710,52721340,NA,0
20230201214719,52721341,FAILED,0
20230201214726,52721342,NA,0
20230201214734,52721343,NA,0
20230201214742,52721344,NA,0
20230201214749,52721345,NA,0
20230201214756,52721346,NA,0
20230201214804,52721347,NA,0
20230201214812,52721348,1004C549403979487435D268300B09B5FAAAD21DEE94CFBD67E78FA39E97A350,0
20230201214820,52721349,B0A174BAFE0C6B3A6EC76563065D0D7D422E7241AD247C44E499C96060AED706,0
20230201214828,52721350,8631710150234DF61172866020E9DB1393A17ABD4CC6DCC858A47784C5C1EB32,0
20230201214835,52721351,1B3D1D61CE700CA41105AFA1AFDC549B3D71A11CC8C9E69024F9372EF62AC9CF,0
20230201214843,52721352,DC8541F37C0EAE0D484E6C3DF6ACB4C12FC3BAD6DE377E1F73EC88DC6EE943BA,0
20230201214850,52721353,EDD69F285C07F26A7BCB72309A0658B1C90F45E0497D934FAED3935CD06265B0,0
20230201214858,52721354,B14C186C9BDCD7CC2C8C150FB0487AA3DFCE239873D9A1DDD97BEBF72897D8AA,0
20230201214905,52721355,NA,0
20230201214914,52721356,NA,0
20230201214922,52721357,NA,0
20230201214930,52721358,NA,0
20230201214937,52721359,NA,0
20230201214946,52721360,NA,0
20230201214953,52721361,NA,0
20230201215000,52721362,NA,0
20230201215007,52721363,E6DFDE9202419E62D10F4ED96E57542A8E20BD4D634F132F3320AEC863AA3086,0
20230201215015,52721364,NA,0
20230201215024,52721365,NA,0
20230201215033,52721366,NA,0
20230201215040,52721367,NA,0
20230201215047,52721368,NA,0
20230201215055,52721369,NA,0
20230201215103,52721370,NA,0
20230201215112,52721371,NA,0
20230201215120,52721372,NA,0
20230201215127,52721373,NA,0
20230201215136,52721374,NA,0
20230201215143,52721375,NA,0
20230201215151,52721376,NA,0
20230201215158,52721377,NA,0
20230201215206,52721378,NA,0
20230201215215,52721379,NA,0
20230201215222,52721380,NA,0
20230201215231,52721381,NA,0
20230201215239,52721382,DB86DB05F8348AD0F281C13552D3F2298C6FD9DDA89DE8A2C03ADE0A258773FE,0
20230201215247,52721383,B61119546C8AC87026149207B8E3E0486F52A3852D631B100C5FE7549C49454D,0
20230201215255,52721384,64B30ABA178F20D0464D58929853D938477D311AA2232856B4D3062698B73F0A,0
20230201215302,52721385,FA179E22367CA2069A284EDB9FA22D75F202C225D1F7AC3E24262B4C08116A98,0
20230201215310,52721386,582DBE5F393659B751B6EC3C60FF38D9FDEB08DF5DFF2A670AB0CDC3022CF4FC,0
20230201215318,52721387,130395D90BC23244510EBB9CB84F0A2843676B32BC5A7E2A2EC36A2984BCBBF9,0
20230201215325,52721388,NA,0
20230201215333,52721389,NA,0
20230201215341,52721390,NA,0
20230201215348,52721391,NA,0
20230201215357,52721392,NA,0
20230201215405,52721393,NA,0
20230201215415,52721394,NA,0
20230201215424,52721395,NA,0
20230201215432,52721396,NA,0
20230201215441,52721397,NA,0
20230201215451,52721398,NA,0
20230201215500,52721399,NA,0
20230201215510,52721400,NA,0
